Player,Nation,Pos,Age,MP,Starts,Min,90s,Gls,Ast,G+A,G-PK,PK,PKatt,CrdY,CrdR,xG,npxG,xAG,npxG+xAG,PrgC,PrgP,PrgR,Gls,Ast,G+A,G-PK,G+A-PK,xG,xAG,xG+xAG,npxG,npxG+xAG,Matches,Team
Mohamed Salah,eg EGY,FW,32,38,38,3371,37.5,29,18,47,20,9,9,1,0,25.2,18.2,14.2,32.4,154,144,488,0.77,0.48,1.25,0.53,1.01,0.67,0.38,1.05,0.49,0.87,Matches,Liverpool
Virgil van Dijk,nl NED,DF,33,37,37,3330,37,3,1,4,3,0,0,5,0,2.2,2.2,0.7,3,22,198,6,0.08,0.03,0.11,0.08,0.11,0.06,0.02,0.08,0.06,0.08,Matches,Liverpool
Ryan Gravenberch,nl NED,MF,22,37,37,3160,35.1,0,4,4,0,0,0,6,1,1.1,1.1,3.1,4.2,70,181,55,0,0.11,0.11,0,0.11,0.03,0.09,0.12,0.03,0.12,Matches,Liverpool
Alexis Mac Allister,ar ARG,MF,25,35,30,2599,28.9,5,5,10,5,0,0,6,0,2.8,2.8,4.7,7.5,36,177,80,0.17,0.17,0.35,0.17,0.35,0.1,0.16,0.26,0.1,0.26,Matches,Liverpool
Ibrahima Konaté,fr FRA,DF,25,31,30,2560,28.4,1,2,3,1,0,0,5,0,1.7,1.7,1,2.7,25,115,3,0.04,0.07,0.11,0.04,0.11,0.06,0.03,0.1,0.06,0.1,Matches,Liverpool
Dominik Szoboszlai,hu HUN,MF,23,36,29,2491,27.7,6,6,12,6,0,0,6,0,7.3,7.3,7.4,14.7,72,131,127,0.22,0.22,0.43,0.22,0.43,0.27,0.27,0.53,0.27,0.53,Matches,Liverpool
Andrew Robertson,sct SCO,DF,30,33,29,2482,27.6,0,1,1,0,0,0,3,1,1.2,1.2,4.6,5.8,64,176,108,0,0.04,0.04,0,0.04,0.04,0.17,0.21,0.04,0.21,Matches,Liverpool
Alisson,br BRA,GK,31,28,28,2508,27.9,0,0,0,0,0,0,0,0,0,0,0.6,0.6,0,1,0,0,0,0,0,0,0,0.02,0.02,0,0.02,Matches,Liverpool
Luis Díaz,co COL,FW,27,36,28,2399,26.7,13,5,18,13,0,0,2,0,12,12,5,17.1,108,110,293,0.49,0.19,0.68,0.49,0.68,0.45,0.19,0.64,0.45,0.64,Matches,Liverpool
Trent Alexander-Arnold,eng ENG,DF,25,33,28,2365,26.3,3,6,9,3,0,0,5,0,1.9,1.9,7.3,9.2,51,232,94,0.11,0.23,0.34,0.11,0.34,0.07,0.28,0.35,0.07,0.35,Matches,Liverpool
Cody Gakpo,nl NED,FW,25,35,23,1935,21.5,10,4,14,10,0,0,5,0,7.1,7.1,4.4,11.5,59,52,278,0.47,0.19,0.65,0.47,0.65,0.33,0.2,0.53,0.33,0.53,Matches,Liverpool
Curtis Jones,eng ENG,"MF,DF",23,33,19,1712,19,3,3,6,3,0,0,3,1,4.3,4.3,1.1,5.4,30,117,79,0.16,0.16,0.32,0.16,0.32,0.23,0.06,0.29,0.23,0.29,Matches,Liverpool
Diogo Jota,pt POR,FW,27,26,14,1196,13.3,6,3,9,6,0,0,2,0,7.9,7.9,1.8,9.8,37,34,88,0.45,0.23,0.68,0.45,0.68,0.6,0.14,0.74,0.6,0.74,Matches,Liverpool
Caoimhín Kelleher,ie IRL,GK,25,10,10,900,10,0,0,0,0,0,0,0,0,0,0,0,0,0,0,0,0,0,0,0,0,0,0,0,0,0,Matches,Liverpool
Kostas Tsimikas,gr GRE,DF,28,18,9,837,9.3,0,1,1,0,0,0,2,0,0.4,0.4,2.1,2.5,17,76,43,0,0.11,0.11,0,0.11,0.04,0.23,0.27,0.04,0.27,Matches,Liverpool
Darwin Núñez,uy URU,FW,25,30,8,1133,12.6,5,2,7,5,0,0,8,0,5.8,5.8,1.3,7.1,23,27,78,0.4,0.16,0.56,0.4,0.56,0.46,0.1,0.57,0.46,0.57,Matches,Liverpool
Conor Bradley,nir NIR,DF,21,19,7,754,8.4,0,2,2,0,0,0,4,0,0.7,0.7,1.4,2.1,35,33,39,0,0.24,0.24,0,0.24,0.08,0.17,0.25,0.08,0.25,Matches,Liverpool
Joe Gomez,eng ENG,DF,27,9,6,519,5.8,0,0,0,0,0,0,1,0,0.3,0.3,0.1,0.4,5,35,2,0,0,0,0,0,0.06,0.02,0.08,0.06,0.08,Matches,Liverpool
Jarell Quansah,eng ENG,DF,21,13,4,495,5.5,0,0,0,0,0,0,2,0,0.1,0.1,0.1,0.2,3,19,4,0,0,0,0,0,0.02,0.02,0.04,0.02,0.04,Matches,Liverpool
Harvey Elliott,eng ENG,MF,21,18,2,371,4.1,1,2,3,1,0,0,1,0,1.8,1.8,1.1,2.8,10,44,30,0.24,0.49,0.73,0.24,0.73,0.43,0.26,0.69,0.43,0.69,Matches,Liverpool
Wataru Endo,jp JPN,"MF,DF",31,20,1,273,3,0,0,0,0,0,0,0,0,0,0,0.1,0.1,1,19,8,0,0,0,0,0,0,0.02,0.02,0,0.02,Matches,Liverpool
Federico Chiesa,it ITA,FW,26,6,1,108,1.2,0,0,0,0,0,0,0,0,0.3,0.3,0.2,0.5,3,3,7,0,0,0,0,0,0.28,0.15,0.43,0.28,0.43,Matches,Liverpool
Vitezslav Jaros,cz CZE,GK,23,1,0,12,0.1,0,0,0,0,0,0,0,0,0,0,0,0,0,0,0,0,0,0,0,0,0,0,0,0,0,Matches,Liverpool
Jayden Danns,eng ENG,MF,18,1,0,11,0.1,0,0,0,0,0,0,0,0,0,0,0,0,0,0,0,0,0,0,0,0,0,0,0,0,0,Matches,Liverpool
Harvey Davies,eng ENG,GK,20,0,0,,,,,,,,,,,,,,,,,,,,,,,,,,,,Matches,Liverpool
James McConnell,eng ENG,MF,19,0,0,,,,,,,,,,,,,,,,,,,,,,,,,,,,Matches,Liverpool
Tyler Morton,eng ENG,MF,21,0,0,,,,,,,,,,,,,,,,,,,,,,,,,,,,Matches,Liverpool
Amara Nallo,eng ENG,DF,17,0,0,,,,,,,,,,,,,,,,,,,,,,,,,,,,Matches,Liverpool
Trey Nyoni,eng ENG,MF,17,0,0,,,,,,,,,,,,,,,,,,,,,,,,,,,,Matches,Liverpool
Squad Total,,,27.2,38,418,3420,38,85,65,150,76,9,9,67,3,82.2,75.2,61.6,136.8,825,1924,1910,2.24,1.71,3.95,2,3.71,2.16,1.62,3.78,1.98,3.6,,Liverpool
Opponent Total,,,26.1,38,418,3420,38,39,28,67,38,1,2,84,2,38.6,36.9,29.4,66.2,683,1091,1074,1.03,0.74,1.76,1,1.74,1.02,0.77,1.79,0.97,1.74,,Liverpool
David Raya,es ESP,GK,28,38,38,3420,38,0,0,0,0,0,0,3,0,0,0,0,0,0,14,0,0,0,0,0,0,0,0,0,0,0,Matches,Arsenal
William Saliba,fr FRA,DF,23,35,35,3039,33.8,2,0,2,2,0,0,2,1,2.3,2.3,0.9,3.1,16,138,6,0.06,0,0.06,0.06,0.06,0.07,0.03,0.09,0.07,0.09,Matches,Arsenal
Declan Rice,eng ENG,MF,25,35,33,2825,31.4,4,7,11,4,0,0,7,1,3.5,3.5,6.6,10.1,90,192,94,0.13,0.22,0.35,0.13,0.35,0.11,0.21,0.32,0.11,0.32,Matches,Arsenal
Thomas Partey,gh GHA,"MF,DF",31,35,31,2797,31.1,4,2,6,4,0,0,4,0,2.3,2.3,2.1,4.3,36,185,48,0.13,0.06,0.19,0.13,0.19,0.07,0.07,0.14,0.07,0.14,Matches,Arsenal
Leandro Trossard,be BEL,FW,29,38,28,2546,28.3,8,7,15,8,0,0,4,1,7.2,7.2,6.1,13.3,80,101,226,0.28,0.25,0.53,0.28,0.53,0.25,0.22,0.47,0.25,0.47,Matches,Arsenal
Gabriel Magalhães,br BRA,DF,26,28,28,2363,26.3,3,1,4,3,0,0,4,0,2.6,2.6,0.9,3.5,10,126,11,0.11,0.04,0.15,0.11,0.15,0.1,0.03,0.13,0.1,0.13,Matches,Arsenal
Jurriën Timber,nl NED,DF,23,30,27,2417,26.9,1,3,4,1,0,0,7,0,1.2,1.2,0.8,2.1,57,146,104,0.04,0.11,0.15,0.04,0.15,0.05,0.03,0.08,0.05,0.08,Matches,Arsenal
Martin Ødegaard,no NOR,MF,25,30,26,2325,25.8,3,8,11,2,1,1,4,0,4.8,4,5.4,9.5,92,258,154,0.12,0.31,0.43,0.08,0.39,0.19,0.21,0.4,0.16,0.37,Matches,Arsenal
Gabriel Martinelli,br BRA,"FW,MF",23,33,25,2290,25.4,8,4,12,8,0,0,1,0,7.4,7.4,5,12.4,124,52,289,0.31,0.16,0.47,0.31,0.47,0.29,0.19,0.49,0.29,0.49,Matches,Arsenal
Kai Havertz,de GER,"FW,MF",25,23,21,1875,20.8,9,3,12,9,0,0,5,0,9.5,9.5,2.4,12,35,61,113,0.43,0.14,0.58,0.43,0.58,0.46,0.12,0.57,0.46,0.57,Matches,Arsenal
Bukayo Saka,eng ENG,"FW,MF",22,25,20,1729,19.2,6,10,16,5,1,1,3,0,6.8,6,7.6,13.7,96,70,255,0.31,0.52,0.83,0.26,0.78,0.36,0.4,0.75,0.31,0.71,Matches,Arsenal
Mikel Merino,es ESP,"MF,FW",28,28,17,1586,17.6,7,2,9,7,0,0,4,1,5.9,5.9,2,7.9,11,69,94,0.4,0.11,0.51,0.4,0.51,0.34,0.11,0.45,0.34,0.45,Matches,Arsenal
Myles Lewis-Skelly,eng ENG,DF,17,23,15,1369,15.2,1,0,1,1,0,0,3,2,0.2,0.2,0.4,0.6,37,71,37,0.07,0,0.07,0.07,0.07,0.01,0.03,0.04,0.01,0.04,Matches,Arsenal
Ben White,eng ENG,DF,26,17,13,1198,13.3,0,2,2,0,0,0,2,0,0.5,0.5,1.4,1.8,23,59,42,0,0.15,0.15,0,0.15,0.03,0.1,0.14,0.03,0.14,Matches,Arsenal
Riccardo Calafiori,it ITA,DF,22,19,11,983,10.9,2,1,3,2,0,0,4,0,0.9,0.9,0.3,1.1,22,54,29,0.18,0.09,0.27,0.18,0.27,0.08,0.03,0.11,0.08,0.11,Matches,Arsenal
Ethan Nwaneri,eng ENG,"FW,MF",17,26,11,895,9.9,4,2,6,4,0,0,1,0,1.2,1.2,1.2,2.4,46,33,113,0.4,0.2,0.6,0.4,0.6,0.12,0.12,0.24,0.12,0.24,Matches,Arsenal
Jakub Kiwior,pl POL,DF,24,17,10,1122,12.5,1,0,1,1,0,0,1,0,0.2,0.2,0.3,0.5,5,48,1,0.08,0,0.08,0.08,0.08,0.01,0.03,0.04,0.01,0.04,Matches,Arsenal
Jorginho,it ITA,MF,32,15,9,704,7.8,0,0,0,0,0,0,5,0,0.1,0.1,0.4,0.5,12,48,6,0,0,0,0,0,0.01,0.05,0.06,0.01,0.06,Matches,Arsenal
Raheem Sterling,eng ENG,"FW,MF",29,17,7,499,5.5,0,2,2,0,0,0,1,0,1.4,1.4,0.5,1.9,27,18,79,0,0.36,0.36,0,0.36,0.26,0.09,0.34,0.26,0.34,Matches,Arsenal
Gabriel Jesus,br BRA,FW,27,17,6,608,6.8,3,0,3,3,0,0,4,0,3,3,0.7,3.7,15,19,57,0.44,0,0.44,0.44,0.44,0.44,0.1,0.54,0.44,0.54,Matches,Arsenal
Oleksandr Zinchenko,ua UKR,"DF,MF",27,15,5,527,5.9,0,1,1,0,0,0,1,0,0.6,0.6,0.2,0.8,10,48,14,0,0.17,0.17,0,0.17,0.11,0.03,0.14,0.11,0.14,Matches,Arsenal
Kieran Tierney,sct SCO,"DF,FW",27,13,2,259,2.9,1,0,1,1,0,0,0,0,0.4,0.4,1.4,1.7,8,15,29,0.35,0,0.35,0.35,0.35,0.12,0.48,0.6,0.12,0.6,Matches,Arsenal
Nathan Butler-Oyedeji,eng ENG,FW,21,1,0,7,0.1,0,0,0,0,0,0,0,0,0.1,0.1,0,0.1,0,0,0,0,0,0,0,0,0.94,0,0.94,0.94,0.94,Matches,Arsenal
Takehiro Tomiyasu,jp JPN,DF,25,1,0,7,0.1,0,0,0,0,0,0,0,0,0.2,0.2,0,0.2,0,1,0,0,0,0,0,0,2.37,0,2.37,2.37,2.37,Matches,Arsenal
Reiss Nelson,eng ENG,FW,24,1,0,3,0,0,0,0,0,0,0,0,0,0,0,0,0,0,0,0,0,0,0,0,0,0,0,0,0,0,Matches,Arsenal
Brayden Clarke,wls WAL,DF,17,0,0,,,,,,,,,,,,,,,,,,,,,,,,,,,,Matches,Arsenal
Jimi Gower,eng ENG,MF,19,0,0,,,,,,,,,,,,,,,,,,,,,,,,,,,,Matches,Arsenal
Ayden Heaven,eng ENG,DF,17,0,0,,,,,,,,,,,,,,,,,,,,,,,,,,,,Matches,Arsenal
Jack Henry-Francis,ie IRL,MF,20,0,0,,,,,,,,,,,,,,,,,,,,,,,,,,,,Matches,Arsenal
Ismeal Kabia,eng ENG,MF,18,0,0,,,,,,,,,,,,,,,,,,,,,,,,,,,,Matches,Arsenal
Maldini Kacurri,al ALB,DF,18,0,0,,,,,,,,,,,,,,,,,,,,,,,,,,,,Matches,Arsenal
Neto,br BRA,GK,35,0,0,,,,,,,,,,,,,,,,,,,,,,,,,,,,Matches,Arsenal
Josh Nichols,eng ENG,DF,18,0,0,,,,,,,,,,,,,,,,,,,,,,,,,,,,Matches,Arsenal
Eddie Nketiah,eng ENG,FW,25,0,0,,,,,,,,,,,,,,,,,,,,,,,,,,,,Matches,Arsenal
Salah Oulad M'Hand,nl NED,MF,20,0,0,,,,,,,,,,,,,,,,,,,,,,,,,,,,Matches,Arsenal
Jack Porter,eng ENG,GK,16,0,0,,,,,,,,,,,,,,,,,,,,,,,,,,,,Matches,Arsenal
Aaron Ramsdale,eng ENG,GK,26,0,0,,,,,,,,,,,,,,,,,,,,,,,,,,,,Matches,Arsenal
Tommy Setford,eng ENG,GK,18,0,0,,,,,,,,,,,,,,,,,,,,,,,,,,,,Matches,Arsenal
Squad Total,,,25.8,38,418,3420,38,67,55,122,65,2,2,70,6,59.9,58.4,45.3,103.6,852,1826,1801,1.76,1.45,3.21,1.71,3.16,1.58,1.19,2.77,1.54,2.73,,Arsenal
Opponent Total,,,26.1,38,418,3420,38,34,24,58,31,3,3,83,2,34.4,32,24.5,56.6,618,938,927,0.89,0.63,1.53,0.82,1.45,0.91,0.65,1.55,0.84,1.49,,Arsenal
Joško Gvardiol,hr CRO,DF,22,37,36,3277,36.4,5,0,5,5,0,0,2,0,4.6,4.3,2.1,6.3,91,264,121,0.14,0,0.14,0.14,0.14,0.13,0.06,0.18,0.12,0.17,Matches,Manchester-City
Erling Haaland,no NOR,FW,24,31,31,2736,30.4,22,3,25,19,3,4,2,0,22,18.8,3,21.8,24,20,124,0.72,0.1,0.82,0.62,0.72,0.72,0.1,0.82,0.62,0.72,Matches,Manchester-City
Bernardo Silva,pt POR,"MF,FW",29,33,29,2670,29.7,4,4,8,4,0,0,7,0,3.9,3.9,5.1,9,101,134,200,0.13,0.13,0.27,0.13,0.27,0.13,0.17,0.3,0.13,0.3,Matches,Manchester-City
Ederson,br BRA,GK,30,26,26,2320,25.8,0,4,4,0,0,0,4,0,0,0,1.5,1.5,0,2,0,0,0.16,0.16,0,0.16,0,0.06,0.06,0,0.06,Matches,Manchester-City
Rúben Dias,pt POR,DF,27,27,25,2271,25.2,0,0,0,0,0,0,4,0,1.5,1.5,0.3,1.8,43,160,8,0,0,0,0,0,0.06,0.01,0.07,0.06,0.07,Matches,Manchester-City
İlkay Gündoğan,de GER,MF,33,33,25,2223,24.7,1,6,7,1,0,0,1,0,3.2,3.2,3.5,6.7,64,127,96,0.04,0.24,0.28,0.04,0.28,0.13,0.14,0.27,0.13,0.27,Matches,Manchester-City
Mateo Kovačić,hr CRO,MF,30,31,25,2198,24.4,6,2,8,6,0,0,5,1,1.9,1.9,3.6,5.5,56,164,16,0.25,0.08,0.33,0.25,0.33,0.08,0.15,0.23,0.08,0.23,Matches,Manchester-City
Manuel Akanji,ch SUI,DF,29,26,23,2014,22.4,0,0,0,0,0,0,3,0,1.6,1.6,0.4,1.9,46,158,7,0,0,0,0,0,0.07,0.02,0.09,0.07,0.09,Matches,Manchester-City
Rico Lewis,eng ENG,"DF,MF",19,28,21,1893,21,1,2,3,1,0,0,5,1,1.4,1.4,0.3,1.7,39,107,78,0.05,0.1,0.14,0.05,0.14,0.07,0.02,0.08,0.07,0.08,Matches,Manchester-City
Sávio,br BRA,"FW,MF",20,29,21,1766,19.6,1,8,9,1,0,0,3,0,5,5,6.9,11.9,137,67,246,0.05,0.41,0.46,0.05,0.46,0.26,0.35,0.61,0.26,0.61,Matches,Manchester-City
Phil Foden,eng ENG,"MF,FW",24,28,20,1777,19.7,7,2,9,7,0,0,2,0,5.2,5.2,4.8,9.9,50,103,128,0.35,0.1,0.46,0.35,0.46,0.26,0.24,0.5,0.26,0.5,Matches,Manchester-City
Kevin De Bruyne,be BEL,"MF,FW",33,28,19,1702,18.9,4,7,11,4,0,0,2,0,5.1,5.1,8,13.1,51,157,150,0.21,0.37,0.58,0.21,0.58,0.27,0.42,0.69,0.27,0.69,Matches,Manchester-City
Matheus Nunes,pt POR,"DF,MF",25,26,19,1674,18.6,1,6,7,1,0,0,4,0,1.2,1.2,4.4,5.6,63,79,175,0.05,0.32,0.38,0.05,0.38,0.07,0.23,0.3,0.07,0.3,Matches,Manchester-City
Jeremy Doku,be BEL,"FW,MF",22,29,16,1516,16.8,3,6,9,3,0,0,1,0,1.3,1.3,4.8,6.1,213,69,286,0.18,0.36,0.53,0.18,0.53,0.08,0.29,0.36,0.08,0.36,Matches,Manchester-City
Omar Marmoush,eg EGY,"FW,MF",25,16,14,1175,13.1,7,0,7,7,0,0,0,0,5.5,5.5,2.8,8.3,29,37,78,0.54,0,0.54,0.54,0.54,0.42,0.21,0.64,0.42,0.64,Matches,Manchester-City
Stefan Ortega,de GER,GK,31,13,12,1100,12.2,0,0,0,0,0,0,1,0,0,0,0,0,0,0,0,0,0,0,0,0,0,0,0,0,0,Matches,Manchester-City
Kyle Walker,eng ENG,DF,34,15,9,970,10.8,0,0,0,0,0,0,3,0,0.1,0.1,0.4,0.6,12,64,11,0,0,0,0,0,0.01,0.04,0.05,0.01,0.05,Matches,Manchester-City
Nicolás González,es ESP,MF,22,11,9,760,8.4,1,0,1,1,0,0,3,0,0.5,0.5,0.1,0.5,9,50,11,0.12,0,0.12,0.12,0.12,0.06,0.01,0.06,0.06,0.06,Matches,Manchester-City
Nathan Aké,nl NED,DF,29,10,8,678,7.5,0,0,0,0,0,0,0,0,0.2,0.2,0,0.2,12,50,2,0,0,0,0,0,0.03,0,0.03,0.03,0.03,Matches,Manchester-City
Jack Grealish,eng ENG,"FW,MF",28,20,7,721,8,1,1,2,1,0,0,3,0,1.1,1.1,1.8,3,69,52,118,0.12,0.12,0.25,0.12,0.25,0.14,0.23,0.37,0.14,0.37,Matches,Manchester-City
John Stones,eng ENG,"DF,MF",30,11,6,548,6.1,2,0,2,2,0,0,1,0,0.4,0.4,0.1,0.5,10,21,2,0.33,0,0.33,0.33,0.33,0.07,0.01,0.08,0.07,0.08,Matches,Manchester-City
Nico O’Reilly,eng ENG,DF,19,9,6,528,5.9,2,0,2,2,0,0,0,0,1.3,1.3,0.4,1.6,16,17,26,0.34,0,0.34,0.34,0.34,0.22,0.06,0.28,0.22,0.28,Matches,Manchester-City
Abdukodir Khusanov,uz UZB,DF,20,6,6,503,5.6,0,0,0,0,0,0,1,0,0,0,0.1,0.1,1,25,2,0,0,0,0,0,0,0.02,0.02,0,0.02,Matches,Manchester-City
James Mcatee,eng ENG,"MF,FW",21,15,3,349,3.9,3,0,3,3,0,0,1,0,2.8,2.8,0.5,3.3,7,7,32,0.77,0,0.77,0.77,0.77,0.72,0.13,0.85,0.72,0.85,Matches,Manchester-City
Jahmai Simpson-Pusey,eng ENG,DF,18,2,1,96,1.1,0,0,0,0,0,0,1,0,0,0,0,0,1,3,0,0,0,0,0,0,0,0,0,0,0,Matches,Manchester-City
Rodri,es ESP,MF,28,3,1,73,0.8,0,0,0,0,0,0,0,0,0,0,0,0,1,4,1,0,0,0,0,0,0,0.06,0.06,0,0.06,Matches,Manchester-City
Divin Mubama,eng ENG,FW,19,1,0,28,0.3,0,0,0,0,0,0,0,0,0,0,0,0,0,1,0,0,0,0,0,0,0.12,0,0.12,0.12,0.12,Matches,Manchester-City
Oscar Bobb,no NOR,FW,21,3,0,16,0.2,0,0,0,0,0,0,0,0,0,0,0.1,0.1,1,1,1,0,0,0,0,0,0,0.41,0.41,0,0.41,Matches,Manchester-City
Claudio Echeverri,ar ARG,FW,18,1,0,6,0.1,0,0,0,0,0,0,0,0,0,0,0,0,0,1,1,0,0,0,0,0,0,0,0,0,0,Matches,Manchester-City
Vitor Reis,br BRA,DF,18,1,0,1,0,0,0,0,0,0,0,0,0,0,0,0,0,0,0,0,0,0,0,0,0,0,0,0,0,0,Matches,Manchester-City
Max Alleyne,eng ENG,DF,19,0,0,,,,,,,,,,,,,,,,,,,,,,,,,,,,Matches,Manchester-City
Thorsten Brits,eng ENG,GK,17,0,0,,,,,,,,,,,,,,,,,,,,,,,,,,,,Matches,Manchester-City
Scott Carson,eng ENG,GK,38,0,0,,,,,,,,,,,,,,,,,,,,,,,,,,,,Matches,Manchester-City
Issa Kaboré,bf BFA,"DF,MF",23,0,0,,,,,,,,,,,,,,,,,,,,,,,,,,,,Matches,Manchester-City
Josh Wilson-Esbrand,eng ENG,DF,21,0,0,,,,,,,,,,,,,,,,,,,,,,,,,,,,Matches,Manchester-City
Jacob Wright,eng ENG,MF,18,0,0,,,,,,,,,,,,,,,,,,,,,,,,,,,,Matches,Manchester-City
Squad Total,,,26.8,38,418,3420,38,71,51,122,68,3,4,59,2,68.1,64.9,54.2,119.1,1146,1944,1920,1.87,1.34,3.21,1.79,3.13,1.79,1.43,3.22,1.71,3.13,,Manchester-City
Opponent Total,,,26.2,38,418,3420,38,42,32,74,38,4,4,88,2,47.7,44.6,37.2,81.7,546,912,904,1.11,0.84,1.95,1,1.84,1.26,0.98,2.23,1.17,2.15,,Manchester-City
Moisés Caicedo,ec ECU,"MF,DF",22,38,38,3351,37.2,1,2,3,1,0,0,11,0,0.8,0.8,3,3.8,43,215,37,0.03,0.05,0.08,0.03,0.08,0.02,0.08,0.1,0.02,0.1,Matches,Chelsea
Cole Palmer,eng ENG,"MF,FW",22,37,36,3191,35.5,15,8,23,11,4,5,7,0,17.3,13.3,10.9,24.2,120,214,187,0.42,0.23,0.65,0.31,0.54,0.49,0.31,0.79,0.38,0.68,Matches,Chelsea
Levi Colwill,eng ENG,DF,21,35,35,3149,35,2,1,3,2,0,0,9,0,1.9,1.9,1.1,3,14,131,12,0.06,0.03,0.09,0.06,0.09,0.05,0.03,0.09,0.05,0.09,Matches,Chelsea
Marc Cucurella,es ESP,DF,26,36,33,2988,33.2,5,1,6,5,0,0,10,1,2.8,2.8,2.1,4.9,35,118,117,0.15,0.03,0.18,0.15,0.18,0.08,0.06,0.15,0.08,0.15,Matches,Chelsea
Enzo Fernández,ar ARG,MF,23,36,32,2947,32.7,6,7,13,6,0,0,8,0,6.1,6.1,6.8,12.9,60,212,126,0.18,0.21,0.4,0.18,0.4,0.19,0.21,0.39,0.19,0.39,Matches,Chelsea
Robert Sánchez,es ESP,GK,26,32,32,2880,32,0,0,0,0,0,0,5,0,0,0,0.1,0.1,0,1,0,0,0,0,0,0,0,0,0,0,0,Matches,Chelsea
Nicolas Jackson,sn SEN,FW,23,30,28,2220,24.7,10,5,15,10,0,0,7,1,12.3,12.3,4.3,16.6,47,38,129,0.41,0.2,0.61,0.41,0.61,0.5,0.17,0.67,0.5,0.67,Matches,Chelsea
Noni Madueke,eng ENG,FW,22,32,27,2033,22.6,7,3,10,7,0,0,3,0,9.6,9.6,4.2,13.9,154,69,226,0.31,0.13,0.44,0.31,0.44,0.43,0.19,0.61,0.43,0.61,Matches,Chelsea
Pedro Neto,pt POR,FW,24,35,24,2269,25.2,4,6,10,4,0,0,8,0,3.5,3.5,6.7,10.2,126,60,253,0.16,0.24,0.4,0.16,0.4,0.14,0.27,0.4,0.14,0.4,Matches,Chelsea
Malo Gusto,fr FRA,DF,21,32,19,1862,20.7,0,1,1,0,0,0,4,0,1.7,1.7,1.4,3.1,50,119,85,0,0.05,0.05,0,0.05,0.08,0.07,0.15,0.08,0.15,Matches,Chelsea
Jadon Sancho,eng ENG,FW,24,31,19,1764,19.6,3,4,7,3,0,0,2,0,2.2,2.2,3.7,5.8,102,90,225,0.15,0.2,0.36,0.15,0.36,0.11,0.19,0.3,0.11,0.3,Matches,Chelsea
Tosin Adarabioyo,eng ENG,DF,26,22,15,1409,15.7,1,1,2,1,0,0,4,0,0.9,0.9,0.2,1.2,5,42,1,0.06,0.06,0.13,0.06,0.13,0.06,0.01,0.07,0.06,0.07,Matches,Chelsea
Wesley Fofana,fr FRA,DF,23,14,14,1172,13,0,0,0,0,0,0,7,0,0.4,0.4,0.4,0.8,19,32,4,0,0,0,0,0,0.03,0.03,0.07,0.03,0.06,Matches,Chelsea
Reece James,eng ENG,"DF,MF",24,19,12,1063,11.8,1,1,2,1,0,0,1,0,0.4,0.4,0.7,1.1,7,64,12,0.08,0.08,0.17,0.08,0.17,0.04,0.06,0.1,0.04,0.1,Matches,Chelsea
Trevoh Chalobah,eng ENG,DF,25,13,11,910,10.1,0,1,1,0,0,0,2,0,0.8,0.8,1.2,2,4,37,2,0,0.1,0.1,0,0.1,0.08,0.12,0.19,0.08,0.19,Matches,Chelsea
Roméo Lavia,be BEL,MF,20,16,11,797,8.9,0,1,1,0,0,0,4,0,0.3,0.3,0.7,1,3,31,7,0,0.11,0.11,0,0.11,0.03,0.08,0.11,0.03,0.11,Matches,Chelsea
Christopher Nkunku,fr FRA,FW,26,27,9,921,10.2,3,2,5,3,0,0,2,0,4.8,4.8,2.1,6.9,17,25,68,0.29,0.2,0.49,0.29,0.49,0.47,0.21,0.68,0.47,0.67,Matches,Chelsea
Filip Jørgensen,dk DEN,GK,22,6,6,540,6,0,0,0,0,0,0,0,0,0,0,0,0,0,0,0,0,0,0,0,0,0,0,0,0,0,Matches,Chelsea
Axel Disasi,fr FRA,DF,26,6,4,364,4,1,0,1,1,0,0,1,0,0.3,0.3,0.1,0.4,6,16,2,0.25,0,0.25,0.25,0.25,0.07,0.02,0.09,0.07,0.09,Matches,Chelsea
João Félix,pt POR,"FW,MF",24,12,3,369,4.1,1,1,2,1,0,0,2,0,2.2,2.2,1,3.2,21,26,30,0.24,0.24,0.49,0.24,0.49,0.54,0.23,0.78,0.54,0.78,Matches,Chelsea
Benoît Badiashile,fr FRA,DF,23,5,3,334,3.7,0,0,0,0,0,0,0,0,0,0,0,0,3,17,2,0,0,0,0,0,0,0,0,0,0,Matches,Chelsea
Kiernan Dewsbury-Hall,eng ENG,"MF,FW",25,13,2,264,2.9,0,1,1,0,0,0,0,0,0.2,0.2,1.1,1.3,5,14,11,0,0.34,0.34,0,0.34,0.08,0.36,0.44,0.08,0.44,Matches,Chelsea
Joshua Acheampong,eng ENG,DF,18,4,2,170,1.9,0,0,0,0,0,0,1,0,0.2,0.2,0,0.2,0,8,0,0,0,0,0,0,0.12,0,0.12,0.12,0.12,Matches,Chelsea
Tyrique George,eng ENG,FW,18,8,1,183,2,1,1,2,1,0,0,1,0,0.2,0.2,0.7,0.9,9,3,22,0.49,0.49,0.98,0.49,0.98,0.1,0.36,0.46,0.1,0.46,Matches,Chelsea
Renato Veiga,pt POR,"DF,MF",21,7,1,181,2,0,0,0,0,0,0,2,0,0.1,0.1,0,0.1,4,7,3,0,0,0,0,0,0.07,0,0.07,0.07,0.07,Matches,Chelsea
Mykhailo Mudryk,ua UKR,FW,23,7,1,151,1.7,0,0,0,0,0,0,0,0,0.3,0.3,1,1.2,7,5,12,0,0,0,0,0,0.15,0.58,0.73,0.15,0.73,Matches,Chelsea
Marc Guiu,es ESP,FW,18,3,0,73,0.8,0,0,0,0,0,0,0,0,0,0,0,0,0,0,3,0,0,0,0,0,0,0.04,0.04,0,0.04,Matches,Chelsea
Mathis Amougou,fr FRA,MF,18,1,0,8,0.1,0,0,0,0,0,0,0,0,0,0,0,0,0,1,0,0,0,0,0,0,0,0,0,0,0,Matches,Chelsea
Shumaira Mheuka,eng ENG,MF,16,1,0,1,0,0,0,0,0,0,0,0,0,0.1,0.1,0,0.1,0,0,0,0,0,0,0,0,5.06,0,5.06,5.06,5.06,Matches,Chelsea
Aaron Anselmino,ar ARG,DF,19,0,0,,,,,,,,,,,,,,,,,,,,,,,,,,,,Matches,Chelsea
Genesis Antwi,se SWE,MF,17,0,0,,,,,,,,,,,,,,,,,,,,,,,,,,,,Matches,Chelsea
Marcus Bettinelli,eng ENG,GK,32,0,0,,,,,,,,,,,,,,,,,,,,,,,,,,,,Matches,Chelsea
Cesare Casadei,it ITA,MF,21,0,0,,,,,,,,,,,,,,,,,,,,,,,,,,,,Matches,Chelsea
Samuel Rak-Sakyi,eng ENG,MF,19,0,0,,,,,,,,,,,,,,,,,,,,,,,,,,,,Matches,Chelsea
Ishé Samuels-Smith,eng ENG,DF,18,0,0,,,,,,,,,,,,,,,,,,,,,,,,,,,,Matches,Chelsea
Squad Total,,,23.7,38,418,3420,38,61,47,108,57,4,5,101,2,67.8,63.8,52.7,116.5,861,1595,1576,1.61,1.24,2.84,1.5,2.74,1.78,1.39,3.17,1.68,3.07,,Chelsea
Opponent Total,,,26.5,38,418,3420,38,43,33,76,38,5,6,98,2,47.3,42.6,35.3,77.8,600,1206,1190,1.13,0.87,2,1,1.87,1.24,0.93,2.17,1.12,2.05,,Chelsea
Bruno Guimarães,br BRA,MF,26,38,38,3271,36.3,5,6,11,5,0,0,7,0,4.3,4.3,6.1,10.4,64,271,96,0.14,0.17,0.3,0.14,0.3,0.12,0.17,0.29,0.12,0.29,Matches,Newcastle-United
Dan Burn,eng ENG,DF,32,37,37,3330,37,1,1,2,1,0,0,11,0,2,2,0.9,2.8,12,75,14,0.03,0.03,0.05,0.03,0.05,0.05,0.02,0.08,0.05,0.08,Matches,Newcastle-United
Alexander Isak,se SWE,FW,24,34,34,2756,30.6,23,6,29,19,4,4,1,0,20.3,17.2,4.3,21.6,83,88,217,0.75,0.2,0.95,0.62,0.82,0.66,0.14,0.81,0.56,0.7,Matches,Newcastle-United
Fabian Schär,ch SUI,DF,32,34,33,2934,32.6,4,0,4,4,0,0,9,1,3.7,3.7,0.4,4.1,18,118,22,0.12,0,0.12,0.12,0.12,0.11,0.01,0.13,0.11,0.13,Matches,Newcastle-United
Valentino Livramento,eng ENG,DF,21,37,32,2840,31.6,0,1,1,0,0,0,1,0,0.3,0.3,2.6,2.9,83,158,119,0,0.03,0.03,0,0.03,0.01,0.08,0.09,0.01,0.09,Matches,Newcastle-United
Jacob Murphy,eng ENG,FW,29,35,31,2360,26.2,8,12,20,8,0,0,4,0,5.7,5.7,8.9,14.6,79,83,231,0.31,0.46,0.76,0.31,0.76,0.22,0.34,0.56,0.22,0.56,Matches,Newcastle-United
Joelinton,br BRA,"MF,FW",27,29,29,2393,26.6,4,3,7,4,0,0,10,0,3.9,3.9,2.5,6.4,40,116,110,0.15,0.11,0.26,0.15,0.26,0.15,0.09,0.24,0.15,0.24,Matches,Newcastle-United
Sandro Tonali,it ITA,MF,24,36,28,2630,29.2,4,2,6,4,0,0,5,0,4.4,4.4,2.2,6.6,37,128,53,0.14,0.07,0.21,0.14,0.21,0.15,0.07,0.22,0.15,0.22,Matches,Newcastle-United
Nick Pope,eng ENG,GK,32,28,28,2520,28,0,0,0,0,0,0,2,0,0,0,0,0,0,1,0,0,0,0,0,0,0,0,0,0,0,Matches,Newcastle-United
Anthony Gordon,eng ENG,"FW,MF",23,34,28,2434,27,6,5,11,5,1,2,2,0,8,6.5,5,11.4,121,98,214,0.22,0.18,0.41,0.18,0.37,0.3,0.18,0.48,0.24,0.42,Matches,Newcastle-United
Lewis Hall,eng ENG,DF,19,27,24,2189,24.3,0,4,4,0,0,0,3,0,0.4,0.4,4.3,4.7,41,123,80,0,0.16,0.16,0,0.16,0.02,0.18,0.19,0.02,0.19,Matches,Newcastle-United
Harvey Barnes,eng ENG,FW,26,33,17,1755,19.5,9,4,13,9,0,0,0,0,7.2,7.2,4,11.2,93,83,192,0.46,0.21,0.67,0.46,0.67,0.37,0.2,0.57,0.37,0.57,Matches,Newcastle-United
Kieran Trippier,eng ENG,DF,33,25,14,1309,14.5,0,3,3,0,0,0,1,0,0.1,0.1,1.4,1.5,26,117,58,0,0.21,0.21,0,0.21,0.01,0.1,0.1,0.01,0.1,Matches,Newcastle-United
Joe Willock,eng ENG,"MF,FW",24,32,11,1086,12.1,0,2,2,0,0,0,4,0,1.6,1.6,2.1,3.8,38,41,86,0,0.17,0.17,0,0.17,0.14,0.18,0.31,0.14,0.31,Matches,Newcastle-United
Martin Dúbravka,sk SVK,GK,35,10,10,900,10,0,0,0,0,0,0,0,0,0,0,0,0,0,0,0,0,0,0,0,0,0,0,0,0,0,Matches,Newcastle-United
Sean Longstaff,eng ENG,MF,26,25,8,798,8.9,0,0,0,0,0,0,2,0,0.6,0.6,0.2,0.8,4,40,22,0,0,0,0,0,0.07,0.02,0.09,0.07,0.09,Matches,Newcastle-United
Sven Botman,nl NED,DF,24,8,6,412,4.6,0,0,0,0,0,0,1,0,0.5,0.5,0.5,1.1,0,7,0,0,0,0,0,0,0.12,0.12,0.24,0.12,0.24,Matches,Newcastle-United
Lloyd Kelly,eng ENG,DF,25,10,4,303,3.4,0,1,1,0,0,0,2,0,0.4,0.4,0.5,0.9,0,9,5,0,0.3,0.3,0,0.3,0.12,0.14,0.26,0.12,0.26,Matches,Newcastle-United
Callum Wilson,eng ENG,FW,32,18,2,370,4.1,0,0,0,0,0,0,1,0,0.4,0.4,0.1,0.5,5,4,17,0,0,0,0,0,0.09,0.03,0.12,0.09,0.12,Matches,Newcastle-United
Emil Krafth,se SWE,DF,29,12,2,342,3.8,0,0,0,0,0,0,2,0,0,0,0.1,0.1,5,8,3,0,0,0,0,0,0.01,0.02,0.03,0.01,0.03,Matches,Newcastle-United
Lewis Miley,eng ENG,MF,18,14,1,313,3.5,1,0,1,1,0,0,0,0,0.5,0.5,0,0.6,2,17,8,0.29,0,0.29,0.29,0.29,0.16,0.01,0.16,0.16,0.16,Matches,Newcastle-United
Miguel Almirón,py PAR,FW,30,9,1,157,1.7,0,0,0,0,0,0,0,0,0.5,0.5,0.3,0.8,3,6,18,0,0,0,0,0,0.3,0.15,0.45,0.3,0.45,Matches,Newcastle-United
William Osula,dk DEN,FW,20,14,0,134,1.5,1,0,1,1,0,0,0,0,0.2,0.2,0.1,0.3,5,4,17,0.67,0,0.67,0.67,0.67,0.11,0.1,0.21,0.11,0.21,Matches,Newcastle-United
Matt Targett,eng ENG,DF,28,2,0,21,0.2,0,0,0,0,0,0,0,0,0,0,0,0,0,0,1,0,0,0,0,0,0,0,0,0,0,Matches,Newcastle-United
Jamaal Lascelles,eng ENG,DF,30,0,0,,,,,,,,,,,,,,,,,,,,,,,,,,,,Matches,Newcastle-United
Alex Murphy,ie IRL,DF,20,0,0,,,,,,,,,,,,,,,,,,,,,,,,,,,,Matches,Newcastle-United
Sean Neave,eng ENG,FW,17,0,0,,,,,,,,,,,,,,,,,,,,,,,,,,,,Matches,Newcastle-United
John Ruddy,eng ENG,GK,37,0,0,,,,,,,,,,,,,,,,,,,,,,,,,,,,Matches,Newcastle-United
Leo Shahar,eng ENG,DF,17,0,0,,,,,,,,,,,,,,,,,,,,,,,,,,,,Matches,Newcastle-United
Odisseas Vlachodimos,gr GRE,GK,30,0,0,,,,,,,,,,,,,,,,,,,,,,,,,,,,Matches,Newcastle-United
Squad Total,,,27.4,38,418,3420,38,66,50,116,61,5,6,68,1,63.8,59.5,46,105.5,759,1595,1583,1.74,1.32,3.05,1.61,2.92,1.68,1.21,2.89,1.57,2.78,,Newcastle-United
Opponent Total,,,26.3,38,418,3420,38,45,41,86,44,1,2,97,3,45.5,44,35.9,79.9,667,1273,1260,1.18,1.08,2.26,1.16,2.24,1.2,0.94,2.14,1.16,2.1,,Newcastle-United
Emiliano Martínez,ar ARG,GK,31,37,37,3194,35.5,0,0,0,0,0,0,5,1,0,0,0.5,0.5,0,4,0,0,0,0,0,0,0,0.02,0.02,0,0.02,Matches,Aston-Villa
Morgan Rogers,eng ENG,"FW,MF",22,37,37,3114,34.6,8,10,18,8,0,0,10,0,6.6,6.6,7.8,14.4,114,123,188,0.23,0.29,0.52,0.23,0.52,0.19,0.23,0.42,0.19,0.42,Matches,Aston-Villa
Youri Tielemans,be BEL,MF,27,36,35,3026,33.6,3,7,10,3,0,1,4,0,3.3,2.5,7,9.5,39,235,48,0.09,0.21,0.3,0.09,0.3,0.1,0.21,0.31,0.07,0.28,Matches,Aston-Villa
Ezri Konsa,eng ENG,DF,26,34,33,2936,32.6,2,0,2,2,0,0,1,0,1.3,1.3,0.4,1.7,24,90,11,0.06,0,0.06,0.06,0.06,0.04,0.01,0.05,0.04,0.05,Matches,Aston-Villa
Ollie Watkins,eng ENG,FW,28,38,31,2598,28.9,16,8,24,14,2,2,2,0,15.3,13.8,3.3,17.1,55,31,165,0.55,0.28,0.83,0.48,0.76,0.53,0.12,0.65,0.48,0.59,Matches,Aston-Villa
Lucas Digne,fr FRA,DF,31,32,28,2351,26.1,0,4,4,0,0,0,4,0,0.8,0.8,4.7,5.5,23,57,142,0,0.15,0.15,0,0.15,0.03,0.18,0.21,0.03,0.21,Matches,Aston-Villa
John McGinn,sct SCO,"MF,FW",29,34,27,2223,24.7,1,4,5,1,0,0,7,0,3.1,2.8,3.5,6.3,32,103,87,0.04,0.16,0.2,0.04,0.2,0.13,0.14,0.27,0.11,0.26,Matches,Aston-Villa
Matty Cash,pl POL,DF,26,27,24,2070,23,1,1,2,1,0,0,7,0,0.5,0.5,1.1,1.6,48,42,90,0.04,0.04,0.09,0.04,0.09,0.02,0.05,0.07,0.02,0.07,Matches,Aston-Villa
Pau Torres,es ESP,DF,27,24,23,2020,22.4,0,0,0,0,0,0,2,0,0.5,0.5,0.1,0.6,40,97,8,0,0,0,0,0,0.02,0.01,0.03,0.02,0.03,Matches,Aston-Villa
Boubacar Kamara,fr FRA,MF,24,26,20,1726,19.2,1,0,1,1,0,0,2,0,0.8,0.8,0.9,1.7,19,85,7,0.05,0,0.05,0.05,0.05,0.04,0.05,0.09,0.04,0.09,Matches,Aston-Villa
Amadou Onana,be BEL,MF,22,26,20,1617,18,3,0,3,3,0,0,4,0,2.1,2.1,0.7,2.8,29,75,16,0.17,0,0.17,0.17,0.17,0.12,0.04,0.16,0.12,0.16,Matches,Aston-Villa
Jacob Ramsey,eng ENG,"FW,MF",23,29,19,1623,18,1,3,4,1,0,0,4,1,1.6,1.6,2.3,3.9,61,68,114,0.06,0.17,0.22,0.06,0.22,0.09,0.13,0.22,0.09,0.22,Matches,Aston-Villa
Leon Bailey,jm JAM,"FW,MF",26,24,14,1139,12.7,1,2,3,1,0,0,3,0,1.7,1.7,1.5,3.3,58,35,121,0.08,0.16,0.24,0.08,0.24,0.14,0.12,0.26,0.14,0.26,Matches,Aston-Villa
Tyrone Mings,eng ENG,DF,31,14,12,1120,12.4,0,0,0,0,0,0,1,0,0.8,0.8,0.2,1,7,40,1,0,0,0,0,0,0.07,0.02,0.08,0.07,0.08,Matches,Aston-Villa
Ian Maatsen,nl NED,DF,22,29,10,1139,12.7,1,2,3,1,0,0,2,0,0.9,0.9,2.7,3.6,31,50,104,0.08,0.16,0.24,0.08,0.24,0.07,0.22,0.28,0.07,0.28,Matches,Aston-Villa
Marco Asensio,es ESP,MF,28,13,9,743,8.3,3,1,4,3,0,2,2,0,4.4,2.9,1,3.8,22,45,38,0.36,0.12,0.48,0.36,0.48,0.54,0.12,0.66,0.35,0.47,Matches,Aston-Villa
Diego Carlos,br BRA,DF,31,10,8,830,9.2,0,0,0,0,0,0,1,0,0.6,0.6,0,0.6,3,34,0,0,0,0,0,0,0.07,0,0.07,0.07,0.07,Matches,Aston-Villa
Axel Disasi,fr FRA,DF,26,7,5,490,5.4,0,0,0,0,0,0,2,0,0.1,0.1,0.4,0.5,10,16,5,0,0,0,0,0,0.02,0.07,0.09,0.02,0.09,Matches,Aston-Villa
Lamare Bogarde,nl NED,"DF,MF",20,8,5,476,5.3,0,0,0,0,0,0,2,0,0,0,0.1,0.2,12,14,9,0,0,0,0,0,0.01,0.02,0.03,0.01,0.03,Matches,Aston-Villa
Andrés García,es ESP,"DF,MF",21,7,5,318,3.5,0,0,0,0,0,0,0,0,0,0,0.2,0.2,26,15,28,0,0,0,0,0,0.01,0.05,0.06,0.01,0.06,Matches,Aston-Villa
Jáder Durán,co COL,FW,20,20,4,638,7.1,7,0,7,7,0,0,3,1,4.9,4.9,0.2,5.1,7,13,44,0.99,0,0.99,0.99,0.99,0.69,0.03,0.71,0.69,0.71,Matches,Aston-Villa
Marcus Rashford,eng ENG,FW,26,10,4,444,4.9,2,2,4,1,1,1,0,0,3.1,2.3,2.3,4.5,22,13,42,0.41,0.41,0.81,0.2,0.61,0.62,0.46,1.08,0.46,0.92,Matches,Aston-Villa
Ross Barkley,eng ENG,MF,30,20,3,581,6.5,3,1,4,3,0,0,3,0,1.8,1.8,0.6,2.4,15,36,10,0.46,0.15,0.62,0.46,0.62,0.27,0.1,0.37,0.27,0.37,Matches,Aston-Villa
Jaden Philogene Bidace,eng ENG,"FW,MF",22,11,2,332,3.7,0,0,0,0,0,0,4,1,0.5,0.5,0.3,0.8,7,4,17,0,0,0,0,0,0.13,0.08,0.2,0.13,0.2,Matches,Aston-Villa
Donyell Malen,nl NED,FW,25,14,2,305,3.4,3,0,3,3,0,0,0,0,2.2,2.2,0.2,2.4,12,6,30,0.89,0,0.89,0.89,0.89,0.64,0.05,0.69,0.64,0.69,Matches,Aston-Villa
Robin Olsen,se SWE,GK,34,4,1,226,2.5,0,0,0,0,0,0,0,0,0,0,0,0,0,0,0,0,0,0,0,0,0,0,0,0,0,Matches,Aston-Villa
Kosta Nedeljković,rs SRB,DF,18,5,0,126,1.4,0,0,0,0,0,0,0,0,0,0,0,0,1,6,0,0,0,0,0,0,0,0,0,0,0,Matches,Aston-Villa
Emi Buendía,ar ARG,"MF,FW",27,12,0,98,1.1,0,0,0,0,0,0,1,0,0.7,0.7,0,0.7,3,7,6,0,0,0,0,0,0.6,0.02,0.62,0.6,0.62,Matches,Aston-Villa
Benjamin Broggio,eng ENG,FW,17,0,0,,,,,,,,,,,,,,,,,,,,,,,,,,,,Matches,Aston-Villa
Joe Gauci,au AUS,GK,24,0,0,,,,,,,,,,,,,,,,,,,,,,,,,,,,Matches,Aston-Villa
Jamaldeen Jimoh,eng ENG,MF,17,0,0,,,,,,,,,,,,,,,,,,,,,,,,,,,,Matches,Aston-Villa
Sil Swinkels,nl NED,DF,20,0,0,,,,,,,,,,,,,,,,,,,,,,,,,,,,Matches,Aston-Villa
Kadan Young,eng ENG,MF,18,0,0,,,,,,,,,,,,,,,,,,,,,,,,,,,,Matches,Aston-Villa
Oliwier Zych,pl POL,GK,20,0,0,,,,,,,,,,,,,,,,,,,,,,,,,,,,Matches,Aston-Villa
Squad Total,,,27,38,418,3420,38,56,45,101,53,3,6,76,4,56.1,51.3,41.7,93,720,1344,1331,1.47,1.18,2.66,1.39,2.58,1.48,1.1,2.57,1.35,2.45,,Aston-Villa
Opponent Total,,,26.3,38,418,3420,38,51,36,87,49,2,3,104,2,50.1,47.8,36.4,84.2,688,1315,1292,1.34,0.95,2.29,1.29,2.24,1.32,0.96,2.28,1.26,2.22,,Aston-Villa
Matz Sels,be BEL,GK,32,38,38,3420,38,0,0,0,0,0,0,4,0,0,0,0.4,0.4,1,2,0,0,0,0,0,0,0,0.01,0.01,0,0.01,Matches,Nottingham-Forest
Nikola Milenković,rs SRB,DF,26,37,37,3330,37,5,2,7,5,0,0,4,0,4,4,1.1,5.1,3,51,6,0.14,0.05,0.19,0.14,0.19,0.11,0.03,0.14,0.11,0.14,Matches,Nottingham-Forest
Murillo,br BRA,DF,22,36,36,3188,35.4,2,0,2,2,0,0,6,0,1.4,1.4,1.2,2.6,22,115,5,0.06,0,0.06,0.06,0.06,0.04,0.03,0.07,0.04,0.07,Matches,Nottingham-Forest
Ola Aina,ng NGA,DF,27,35,35,2995,33.3,2,1,3,2,0,0,5,0,0.6,0.6,1.4,2.1,67,107,67,0.06,0.03,0.09,0.06,0.09,0.02,0.04,0.06,0.02,0.06,Matches,Nottingham-Forest
Chris Wood,nz NZL,FW,32,36,35,2959,32.9,20,3,23,17,3,3,1,0,13.4,11,2.6,13.6,14,42,94,0.61,0.09,0.7,0.52,0.61,0.41,0.08,0.49,0.34,0.42,Matches,Nottingham-Forest
Morgan Gibbs-White,eng ENG,MF,24,34,34,2803,31.1,7,8,15,7,0,0,11,1,6.3,6.3,5,11.2,69,164,137,0.22,0.26,0.48,0.22,0.48,0.2,0.16,0.36,0.2,0.36,Matches,Nottingham-Forest
Elliot Anderson,eng ENG,MF,21,37,33,2728,30.3,2,6,8,2,0,0,10,0,2.1,2.1,3.3,5.4,52,143,94,0.07,0.2,0.26,0.07,0.26,0.07,0.11,0.18,0.07,0.18,Matches,Nottingham-Forest
Anthony Elanga,se SWE,"FW,MF",22,38,31,2501,27.8,6,11,17,6,0,0,1,0,4.5,4.5,5.7,10.1,102,63,229,0.22,0.4,0.61,0.22,0.61,0.16,0.2,0.36,0.16,0.36,Matches,Nottingham-Forest
Neco Williams,wls WAL,DF,23,35,28,2594,28.8,1,3,4,1,0,0,7,0,2.3,2.3,1.6,3.9,68,89,103,0.03,0.1,0.14,0.03,0.14,0.08,0.05,0.13,0.08,0.13,Matches,Nottingham-Forest
Callum Hudson-Odoi,eng ENG,"FW,MF",23,31,25,2194,24.4,5,2,7,5,0,0,2,0,2.5,2.5,2.7,5.2,130,71,189,0.21,0.08,0.29,0.21,0.29,0.1,0.11,0.21,0.1,0.21,Matches,Nottingham-Forest
Nicolás Domínguez,ar ARG,"MF,FW",26,34,23,1963,21.8,0,1,1,0,0,0,9,0,1.5,1.5,1.3,2.8,16,83,33,0,0.05,0.05,0,0.05,0.07,0.06,0.13,0.07,0.13,Matches,Nottingham-Forest
Ryan Yates,eng ENG,MF,26,35,18,1915,21.3,2,1,3,2,0,0,10,0,2.3,2.3,1.2,3.5,18,53,16,0.09,0.05,0.14,0.09,0.14,0.11,0.05,0.16,0.11,0.16,Matches,Nottingham-Forest
Álex Moreno,es ESP,"DF,MF",31,15,11,955,10.6,0,1,1,0,0,0,2,0,0.2,0.2,1.3,1.4,26,34,34,0,0.09,0.09,0,0.09,0.02,0.12,0.13,0.02,0.13,Matches,Nottingham-Forest
Ibrahim Sangaré,ci CIV,MF,26,13,7,590,6.6,0,1,1,0,0,0,3,0,0,0,0.4,0.4,1,27,4,0,0.15,0.15,0,0.15,0,0.06,0.06,0,0.06,Matches,Nottingham-Forest
Morato,br BRA,DF,23,26,6,907,10.1,0,0,0,0,0,0,5,0,0.2,0.2,0,0.2,1,19,1,0,0,0,0,0,0.02,0,0.02,0.02,0.02,Matches,Nottingham-Forest
Jota Silva,pt POR,"FW,MF",24,31,5,854,9.5,3,1,4,3,0,0,5,0,2.1,2.1,2.9,5,21,18,59,0.32,0.11,0.42,0.32,0.42,0.22,0.3,0.53,0.22,0.53,Matches,Nottingham-Forest
James Ward-Prowse,eng ENG,MF,29,9,5,400,4.4,0,1,1,0,0,0,2,1,0.1,0.1,1.1,1.2,1,16,3,0,0.23,0.23,0,0.23,0.01,0.25,0.26,0.01,0.26,Matches,Nottingham-Forest
Danilo,br BRA,"MF,FW",23,8,5,275,3.1,0,0,0,0,0,0,0,0,0,0,0,0,2,11,1,0,0,0,0,0,0,0,0,0,0,Matches,Nottingham-Forest
Taiwo Awoniyi,ng NGA,FW,26,26,3,416,4.6,1,0,1,1,0,0,0,0,2.1,2.1,0.1,2.2,6,7,20,0.22,0,0.22,0.22,0.22,0.46,0.02,0.48,0.46,0.48,Matches,Nottingham-Forest
Ramón Sosa,py PAR,"FW,MF",24,19,1,295,3.3,1,0,1,1,0,0,1,0,1,1,0.5,1.5,12,6,17,0.31,0,0.31,0.31,0.31,0.31,0.15,0.45,0.31,0.45,Matches,Nottingham-Forest
Willy Boly,ci CIV,DF,33,6,1,150,1.7,0,0,0,0,0,0,1,0,0.1,0.1,0,0.1,0,2,0,0,0,0,0,0,0.04,0,0.04,0.04,0.04,Matches,Nottingham-Forest
Harry Toffolo,eng ENG,DF,28,4,1,137,1.5,0,0,0,0,0,0,1,0,0,0,0,0,0,2,4,0,0,0,0,0,0.01,0,0.01,0.01,0.01,Matches,Nottingham-Forest
Eric da Silva Moreira,de GER,"MF,DF",18,2,0,30,0.3,0,0,0,0,0,0,0,0,0,0,0,0,1,0,1,0,0,0,0,0,0,0,0,0,0,Matches,Nottingham-Forest
Zach Abbott,eng ENG,DF,18,0,0,,,,,,,,,,,,,,,,,,,,,,,,,,,,Matches,Nottingham-Forest
Wayne Hennessey,wls WAL,GK,37,0,0,,,,,,,,,,,,,,,,,,,,,,,,,,,,Matches,Nottingham-Forest
Carlos Miguel,br BRA,GK,25,0,0,,,,,,,,,,,,,,,,,,,,,,,,,,,,Matches,Nottingham-Forest
Andrew Omobamidele,ie IRL,DF,22,0,0,,,,,,,,,,,,,,,,,,,,,,,,,,,,Matches,Nottingham-Forest
Squad Total,,,26.1,38,418,3420,38,57,42,99,54,3,3,90,2,45.5,43.2,33,76.2,633,1125,1117,1.5,1.11,2.61,1.42,2.53,1.2,0.87,2.07,1.14,2,,Nottingham-Forest
Opponent Total,,,26.2,38,418,3420,38,46,35,81,43,3,3,104,2,48.9,46.5,35.2,81.7,966,1886,1868,1.21,0.92,2.13,1.13,2.05,1.29,0.93,2.21,1.22,2.15,,Nottingham-Forest
Bart Verbruggen,nl NED,GK,21,36,36,3240,36,0,1,1,0,0,0,5,0,0,0,0,0,0,2,0,0,0.03,0.03,0,0.03,0,0,0,0,0,Matches,Brighton-and-Hove-Albion
Jan Paul van Hecke,nl NED,DF,24,34,33,2958,32.9,1,1,2,1,0,0,8,1,1.3,1.3,1.5,2.8,55,228,5,0.03,0.03,0.06,0.03,0.06,0.04,0.05,0.09,0.04,0.09,Matches,Brighton-and-Hove-Albion
Carlos Baleba,cm CMR,MF,20,34,31,2661,29.6,3,1,4,3,0,0,8,1,3.1,3.1,1.3,4.4,43,118,29,0.1,0.03,0.14,0.1,0.14,0.1,0.05,0.15,0.1,0.15,Matches,Brighton-and-Hove-Albion
Kaoru Mitoma,jp JPN,"FW,MF",27,36,28,2603,28.9,10,4,14,10,0,0,1,0,9.2,9.2,4.6,13.8,146,89,291,0.35,0.14,0.48,0.35,0.48,0.32,0.16,0.48,0.32,0.48,Matches,Brighton-and-Hove-Albion
Pervis Estupiñán,ec ECU,DF,26,30,26,2402,26.7,1,1,2,1,0,0,5,0,1.2,1.2,2.1,3.3,59,132,112,0.04,0.04,0.07,0.04,0.07,0.04,0.08,0.12,0.04,0.12,Matches,Brighton-and-Hove-Albion
Danny Welbeck,eng ENG,FW,33,30,24,2115,23.5,10,4,14,9,1,1,5,0,9.6,8.8,1.4,10.1,21,47,95,0.43,0.17,0.6,0.38,0.55,0.41,0.06,0.46,0.37,0.43,Matches,Brighton-and-Hove-Albion
Lewis Dunk,eng ENG,DF,32,25,23,2083,23.1,0,0,0,0,0,0,5,0,0.8,0.8,0.5,1.3,20,142,3,0,0,0,0,0,0.03,0.02,0.06,0.03,0.06,Matches,Brighton-and-Hove-Albion
João Pedro,br BRA,"FW,MF",22,27,23,1948,21.6,10,6,16,5,5,5,4,1,8.9,5,5,10,66,78,128,0.46,0.28,0.74,0.23,0.51,0.41,0.23,0.64,0.23,0.46,Matches,Brighton-and-Hove-Albion
Yasin Ayari,se SWE,MF,20,34,22,1965,21.8,2,1,3,2,0,0,3,0,2.4,2.4,2.3,4.8,30,75,61,0.09,0.05,0.14,0.09,0.14,0.11,0.11,0.22,0.11,0.22,Matches,Brighton-and-Hove-Albion
Jack Hinshelwood,eng ENG,"MF,DF",19,26,22,1842,20.5,5,2,7,5,0,0,5,0,2.7,2.7,1.5,4.2,19,68,54,0.24,0.1,0.34,0.24,0.34,0.13,0.07,0.21,0.13,0.21,Matches,Brighton-and-Hove-Albion
Yankuba Minteh,gm GAM,"FW,MF",20,32,20,1838,20.4,6,4,10,6,0,0,6,0,4.1,4.1,5,9.1,90,48,201,0.29,0.2,0.49,0.29,0.49,0.2,0.24,0.44,0.2,0.44,Matches,Brighton-and-Hove-Albion
Joël Veltman,nl NED,DF,32,21,19,1697,18.9,0,0,0,0,0,0,5,0,0.5,0.5,0.5,0.9,32,85,34,0,0,0,0,0,0.02,0.02,0.05,0.02,0.05,Matches,Brighton-and-Hove-Albion
Georginio Rutter,fr FRA,"MF,FW",22,28,19,1656,18.4,5,3,8,5,0,0,2,0,4.6,4.6,2.5,7.1,42,67,79,0.27,0.16,0.43,0.27,0.43,0.25,0.14,0.39,0.25,0.39,Matches,Brighton-and-Hove-Albion
Simon Adingra,ci CIV,"FW,MF",22,29,12,1097,12.2,2,2,4,2,0,0,0,0,2.5,2.5,2.5,4.9,50,18,136,0.16,0.16,0.33,0.16,0.33,0.2,0.2,0.4,0.2,0.4,Matches,Brighton-and-Hove-Albion
Matt O'Riley,dk DEN,MF,23,21,11,938,10.4,2,2,4,1,1,1,1,0,2.8,2,2.4,4.4,22,38,52,0.19,0.19,0.38,0.1,0.29,0.27,0.23,0.5,0.2,0.42,Matches,Brighton-and-Hove-Albion
Adam Webster,eng ENG,DF,29,14,11,887,9.9,0,0,0,0,0,0,1,0,0.2,0.2,0.5,0.7,8,63,2,0,0,0,0,0,0.03,0.05,0.08,0.03,0.08,Matches,Brighton-and-Hove-Albion
Mats Wieffer,nl NED,"DF,MF",24,25,10,1015,11.3,1,3,4,1,0,0,6,0,0.8,0.8,1.6,2.4,18,62,23,0.09,0.27,0.35,0.09,0.35,0.07,0.14,0.21,0.07,0.21,Matches,Brighton-and-Hove-Albion
Igor,br BRA,DF,26,13,10,961,10.7,0,0,0,0,0,0,4,0,0,0,0.2,0.2,9,49,1,0,0,0,0,0,0,0.02,0.02,0,0.02,Matches,Brighton-and-Hove-Albion
Tariq Lamptey,gh GHA,DF,23,15,10,860,9.6,2,2,4,2,0,0,0,0,0.4,0.4,0.8,1.2,32,14,45,0.21,0.21,0.42,0.21,0.42,0.04,0.08,0.12,0.04,0.12,Matches,Brighton-and-Hove-Albion
Brajan Gruda,de GER,"MF,FW",20,21,8,687,7.6,1,4,5,1,0,0,0,0,1.2,1.2,2.1,3.3,22,26,57,0.13,0.52,0.66,0.13,0.66,0.16,0.28,0.43,0.16,0.43,Matches,Brighton-and-Hove-Albion
Ferdi Kadioglu,tr TUR,"DF,MF",24,6,5,385,4.3,1,0,1,1,0,0,1,0,0.4,0.4,0.2,0.6,1,15,27,0.23,0,0.23,0.23,0.23,0.1,0.04,0.14,0.1,0.14,Matches,Brighton-and-Hove-Albion
Diego Gómez,py PAR,MF,21,16,4,516,5.7,1,0,1,1,0,0,0,0,0.9,0.9,0.7,1.6,8,27,23,0.17,0,0.17,0.17,0.17,0.15,0.13,0.28,0.15,0.28,Matches,Brighton-and-Hove-Albion
James Milner,eng ENG,MF,38,4,3,170,1.9,0,0,0,0,0,0,1,0,0.2,0.2,0.2,0.4,1,10,10,0,0,0,0,0,0.09,0.12,0.21,0.09,0.21,Matches,Brighton-and-Hove-Albion
Julio Enciso,py PAR,"MF,FW",20,12,2,294,3.3,0,0,0,0,0,0,0,0,1,1,0.2,1.2,11,14,17,0,0,0,0,0,0.31,0.07,0.38,0.31,0.38,Matches,Brighton-and-Hove-Albion
Evan Ferguson,ie IRL,FW,19,13,2,246,2.7,1,0,1,1,0,0,0,0,0.5,0.5,0.4,1,2,1,9,0.37,0,0.37,0.37,0.37,0.2,0.15,0.35,0.2,0.35,Matches,Brighton-and-Hove-Albion
Jason Steele,eng ENG,GK,33,2,2,180,2,0,0,0,0,0,0,0,0,0,0,0,0,0,0,0,0,0,0,0,0,0,0,0,0,0,Matches,Brighton-and-Hove-Albion
Solly March,eng ENG,"FW,MF",30,8,1,168,1.9,0,0,0,0,0,0,2,0,0.1,0.1,0.3,0.4,5,2,20,0,0,0,0,0,0.05,0.15,0.19,0.05,0.19,Matches,Brighton-and-Hove-Albion
Billy Gilmour,sct SCO,MF,23,2,1,98,1.1,0,0,0,0,0,0,0,0,0.1,0.1,0,0.1,2,11,2,0,0,0,0,0,0.07,0,0.07,0.07,0.07,Matches,Brighton-and-Hove-Albion
Eiran Cashin,ie IRL,DF,22,2,0,20,0.2,0,0,0,0,0,0,0,0,0,0,0,0,0,6,1,0,0,0,0,0,0,0,0,0,0,Matches,Brighton-and-Hove-Albion
Jakub Moder,pl POL,MF,25,4,0,11,0.1,0,0,0,0,0,0,0,0,0,0,0.2,0.2,2,4,0,0,0,0,0,0,0,1.45,1.45,0,1.45,Matches,Brighton-and-Hove-Albion
Jeremy Sarmiento,ec ECU,MF,22,1,0,9,0.1,0,0,0,0,0,0,0,0,0,0,0,0,0,0,2,0,0,0,0,0,0,0,0,0,0,Matches,Brighton-and-Hove-Albion
Harry Howell,eng ENG,FW,15,1,0,7,0.1,0,0,0,0,0,0,0,0,0,0,0,0,0,0,3,0,0,0,0,0,0,0,0,0,0,Matches,Brighton-and-Hove-Albion
Valentín Barco,ar ARG,MF,20,0,0,,,,,,,,,,,,,,,,,,,,,,,,,,,,Matches,Brighton-and-Hove-Albion
Killian Cahill,ie IRL,GK,20,0,0,,,,,,,,,,,,,,,,,,,,,,,,,,,,Matches,Brighton-and-Hove-Albion
Joe Knight,eng ENG,MF,18,0,0,,,,,,,,,,,,,,,,,,,,,,,,,,,,Matches,Brighton-and-Hove-Albion
Ruairi Mcconville,nir NIR,DF,19,0,0,,,,,,,,,,,,,,,,,,,,,,,,,,,,Matches,Brighton-and-Hove-Albion
Mark O'Mahony,ie IRL,FW,19,0,0,,,,,,,,,,,,,,,,,,,,,,,,,,,,Matches,Brighton-and-Hove-Albion
Carl Rushworth,eng ENG,GK,23,0,0,,,,,,,,,,,,,,,,,,,,,,,,,,,,Matches,Brighton-and-Hove-Albion
Imari Samuels,eng ENG,DF,21,0,0,,,,,,,,,,,,,,,,,,,,,,,,,,,,Matches,Brighton-and-Hove-Albion
Freddie Simmonds,eng ENG,DF,16,0,0,,,,,,,,,,,,,,,,,,,,,,,,,,,,Matches,Brighton-and-Hove-Albion
Jacob Slater,eng ENG,DF,19,0,0,,,,,,,,,,,,,,,,,,,,,,,,,,,,Matches,Brighton-and-Hove-Albion
Charlie Tasker,eng ENG,DF,18,0,0,,,,,,,,,,,,,,,,,,,,,,,,,,,,Matches,Brighton-and-Hove-Albion
Squad Total,,,24.8,38,418,3420,38,64,41,105,57,7,7,78,3,58.7,53.3,40.4,93.7,816,1539,1522,1.68,1.08,2.76,1.5,2.58,1.54,1.06,2.61,1.4,2.47,,Brighton-and-Hove-Albion
Opponent Total,,,26.2,38,418,3420,38,57,39,96,48,9,9,93,5,54.6,47.7,41.3,88.9,607,1209,1196,1.5,1.03,2.53,1.26,2.29,1.44,1.09,2.52,1.25,2.34,,Brighton-and-Hove-Albion
Milos Kerkez,hu HUN,DF,20,38,38,3336,37.1,2,5,7,2,0,0,4,0,0.6,0.5,3.9,4.4,106,159,197,0.05,0.13,0.19,0.05,0.19,0.02,0.1,0.12,0.01,0.12,Matches,Bournemouth
Antoine Semenyo,gh GHA,FW,24,37,36,3203,35.6,11,5,16,11,0,0,9,0,10,10,5.8,15.8,140,109,282,0.31,0.14,0.45,0.31,0.45,0.28,0.16,0.44,0.28,0.44,Matches,Bournemouth
Illia Zabarnyi,ua UKR,DF,21,36,35,3109,34.5,0,1,1,0,0,0,4,1,1.3,1.3,0.7,2,27,140,4,0,0.03,0.03,0,0.03,0.04,0.02,0.06,0.04,0.06,Matches,Bournemouth
Lewis Cook,eng ENG,"MF,DF",27,36,32,2978,33.1,1,3,4,1,0,0,8,1,0.9,0.9,4.1,5.1,33,158,52,0.03,0.09,0.12,0.03,0.12,0.03,0.12,0.15,0.03,0.15,Matches,Bournemouth
Kepa Arrizabalaga,es ESP,GK,29,31,31,2790,31,0,0,0,0,0,0,3,0,0.1,0.1,0,0.1,0,2,0,0,0,0,0,0,0,0,0,0,0,Matches,Bournemouth
Justin Kluivert,nl NED,MF,25,34,29,2340,26,12,6,18,6,6,6,8,0,10.3,5.6,4.8,10.5,81,105,173,0.46,0.23,0.69,0.23,0.46,0.4,0.19,0.58,0.22,0.4,Matches,Bournemouth
Evanilson,br BRA,FW,24,31,28,2319,25.8,10,1,11,10,0,1,1,1,12.5,11.7,1.9,13.6,29,28,99,0.39,0.04,0.43,0.39,0.43,0.48,0.07,0.56,0.45,0.53,Matches,Bournemouth
Ryan Christie,sct SCO,MF,29,29,27,2117,23.5,2,3,5,2,0,0,9,0,1.8,1.8,3.5,5.4,34,137,44,0.09,0.13,0.21,0.09,0.21,0.08,0.15,0.23,0.08,0.23,Matches,Bournemouth
Dean Huijsen,es ESP,DF,19,32,26,2427,27,3,2,5,3,0,0,10,0,1.9,1.9,2,3.9,41,132,10,0.11,0.07,0.19,0.11,0.19,0.07,0.08,0.14,0.07,0.14,Matches,Bournemouth
Dango Ouattara,bf BFA,FW,22,32,21,2005,22.3,7,4,11,7,0,0,3,0,8.4,8.4,5.5,13.8,79,43,191,0.31,0.18,0.49,0.31,0.49,0.38,0.25,0.62,0.38,0.62,Matches,Bournemouth
Tyler Adams,us USA,MF,25,28,21,1965,21.8,0,3,3,0,0,0,7,0,1.6,1.6,1,2.6,14,76,10,0,0.14,0.14,0,0.14,0.07,0.05,0.12,0.07,0.12,Matches,Bournemouth
Marcus Tavernier,eng ENG,"FW,MF",25,29,20,1939,21.5,3,5,8,3,0,0,6,0,5.5,5.5,4,9.5,53,128,129,0.14,0.23,0.37,0.14,0.37,0.25,0.19,0.44,0.25,0.44,Matches,Bournemouth
Adam Smith,eng ENG,DF,33,25,19,1590,17.7,0,0,0,0,0,0,7,0,0.7,0.7,0.4,1.1,15,49,34,0,0,0,0,0,0.04,0.02,0.06,0.04,0.06,Matches,Bournemouth
Marcos Senesi,ar ARG,DF,27,17,13,1106,12.3,0,0,0,0,0,0,5,0,0.8,0.8,0.2,1.1,12,62,7,0,0,0,0,0,0.07,0.02,0.09,0.07,0.09,Matches,Bournemouth
David Brooks,wls WAL,"FW,MF",27,29,9,960,10.7,2,0,2,2,0,0,3,0,2.5,2.5,1.9,4.4,35,35,83,0.19,0,0.19,0.19,0.19,0.24,0.18,0.41,0.24,0.41,Matches,Bournemouth
Alex Scott,eng ENG,MF,20,20,8,755,8.4,0,0,0,0,0,0,3,0,0.7,0.7,0.9,1.6,15,52,33,0,0,0,0,0,0.09,0.11,0.19,0.09,0.19,Matches,Bournemouth
Julian Araujo,mx MEX,DF,22,12,7,497,5.5,0,0,0,0,0,0,2,0,0,0,0.1,0.1,4,14,22,0,0,0,0,0,0,0.01,0.01,0,0.01,Matches,Bournemouth
James Hill,eng ENG,DF,22,10,6,448,5,0,1,1,0,0,0,1,0,0.3,0.3,0.3,0.6,3,16,8,0,0.2,0.2,0,0.2,0.06,0.05,0.11,0.06,0.11,Matches,Bournemouth
Mark Travers,ie IRL,GK,25,5,5,450,5,0,0,0,0,0,0,0,0,0,0,0,0,0,0,0,0,0,0,0,0,0,0,0,0,0,Matches,Bournemouth
Enes Ünal,tr TUR,"FW,MF",27,17,2,345,3.8,2,1,3,2,0,0,2,0,2.7,2.7,0.4,3.1,4,12,22,0.52,0.26,0.78,0.52,0.78,0.72,0.1,0.82,0.72,0.82,Matches,Bournemouth
Neto,br BRA,GK,35,2,2,180,2,0,0,0,0,0,0,0,0,0,0,0,0,0,0,0,0,0,0,0,0,0,0,0,0,0,Matches,Bournemouth
Luis Sinisterra,co COL,"FW,MF",25,12,1,236,2.6,1,1,2,1,0,0,0,0,1.2,1.2,1.4,2.6,19,6,38,0.38,0.38,0.76,0.38,0.76,0.46,0.54,1,0.46,1,Matches,Bournemouth
Philip Billing,dk DEN,MF,28,10,1,184,2,0,0,0,0,0,0,1,0,0.6,0.6,1.1,1.7,3,15,13,0,0,0,0,0,0.28,0.54,0.82,0.28,0.82,Matches,Bournemouth
Max Aarons,eng ENG,DF,24,3,1,86,1,0,0,0,0,0,0,0,0,0,0,0,0,1,8,3,0,0,0,0,0,0,0,0,0,0,Matches,Bournemouth
Daniel Jebbison,eng ENG,FW,20,16,0,119,1.3,1,0,1,1,0,0,1,0,1,1,0.2,1.2,4,3,16,0.76,0,0.76,0.76,0.76,0.75,0.15,0.9,0.75,0.9,Matches,Bournemouth
Ben Winterburn,eng ENG,"MF,FW",19,4,0,24,0.3,0,0,0,0,0,0,0,0,0,0,0,0,2,0,2,0,0,0,0,0,0,0,0,0,0,Matches,Bournemouth
Julio Soler,ar ARG,"DF,FW",19,3,0,11,0.1,0,0,0,0,0,0,0,0,0,0,0,0,0,0,2,0,0,0,0,0,0,0,0,0,0,Matches,Bournemouth
Remy Rees-Dottin,eng ENG,FW,18,1,0,1,0,0,0,0,0,0,0,0,0,0,0,0,0,0,0,0,0,0,0,0,0,0,0,0,0,0,Matches,Bournemouth
Zain Silcott-Duberry,ms MSR,FW,19,1,0,1,0,0,0,0,0,0,0,0,0,0,0,0,0,0,0,0,0,0,0,0,0,0,0,0,0,0,Matches,Bournemouth
Daniel Adu-Adjei,eng ENG,FW,19,0,0,,,,,,,,,,,,,,,,,,,,,,,,,,,,Matches,Bournemouth
Matai Akinmboni,us USA,DF,17,0,0,,,,,,,,,,,,,,,,,,,,,,,,,,,,Matches,Bournemouth
Jaidon Anthony,eng ENG,"FW,MF",24,0,0,,,,,,,,,,,,,,,,,,,,,,,,,,,,Matches,Bournemouth
Will Dennis,eng ENG,GK,24,0,0,,,,,,,,,,,,,,,,,,,,,,,,,,,,Matches,Bournemouth
Archie Harris,eng ENG,DF,19,0,0,,,,,,,,,,,,,,,,,,,,,,,,,,,,Matches,Bournemouth
Hamed Junior Traorè,ci CIV,"FW,MF",24,0,0,,,,,,,,,,,,,,,,,,,,,,,,,,,,Matches,Bournemouth
Callan Mckenna,sct SCO,GK,17,0,0,,,,,,,,,,,,,,,,,,,,,,,,,,,,Matches,Bournemouth
Dominic Sadi,eng ENG,MF,20,0,0,,,,,,,,,,,,,,,,,,,,,,,,,,,,Matches,Bournemouth
Maxwell Wellings,eng ENG,DF,19,0,0,,,,,,,,,,,,,,,,,,,,,,,,,,,,Matches,Bournemouth
Squad Total,,,25.1,38,418,3420,38,57,41,98,51,6,7,97,3,64,58.5,43.8,102.3,754,1489,1474,1.5,1.08,2.58,1.34,2.42,1.68,1.15,2.84,1.54,2.69,,Bournemouth
Opponent Total,,,26.4,38,418,3420,38,46,36,82,42,4,4,94,5,48.5,45.3,36.5,81.8,685,1295,1280,1.21,0.95,2.16,1.11,2.05,1.28,0.96,2.24,1.19,2.15,,Bournemouth
Nathan Collins,ie IRL,DF,23,38,38,3420,38,2,3,5,2,0,0,5,0,2.5,2.5,1.8,4.3,32,127,18,0.05,0.08,0.13,0.05,0.13,0.07,0.05,0.11,0.07,0.11,Matches,Brentford
Bryan Mbeumo,cm CMR,FW,24,38,38,3414,37.9,20,7,27,15,5,6,3,0,12.3,7.5,8.3,15.9,130,141,351,0.53,0.18,0.71,0.4,0.58,0.32,0.22,0.54,0.2,0.42,Matches,Brentford
Mark Flekken,nl NED,GK,31,37,37,3275,36.4,0,2,2,0,0,0,1,0,0,0,0.5,0.5,0,0,0,0,0.05,0.05,0,0.05,0,0.01,0.01,0,0.01,Matches,Brentford
Keane Lewis-Potter,eng ENG,"DF,FW",23,38,36,3093,34.4,1,3,4,1,0,0,7,0,3.1,3.1,3.2,6.3,98,98,156,0.03,0.09,0.12,0.03,0.12,0.09,0.09,0.18,0.09,0.18,Matches,Brentford
Yoane Wissa,cd COD,FW,27,35,34,2919,32.4,19,4,23,19,0,0,5,0,18.5,18.5,2.6,21.1,60,67,154,0.59,0.12,0.71,0.59,0.71,0.57,0.08,0.65,0.57,0.65,Matches,Brentford
Mikkel Damsgaard,dk DEN,"MF,FW",24,38,34,2911,32.3,2,10,12,2,0,0,2,0,2.8,2.8,8.4,11.2,73,234,137,0.06,0.31,0.37,0.06,0.37,0.09,0.26,0.35,0.09,0.35,Matches,Brentford
Christian Nørgaard,dk DEN,MF,30,34,34,2819,31.3,5,4,9,5,0,0,8,1,4.3,4.3,1.3,5.6,14,154,42,0.16,0.13,0.29,0.16,0.29,0.14,0.04,0.18,0.14,0.18,Matches,Brentford
Sepp van den Berg,nl NED,DF,22,31,29,2586,28.7,0,0,0,0,0,0,3,0,2,2,0.8,2.8,12,79,28,0,0,0,0,0,0.07,0.03,0.1,0.07,0.1,Matches,Brentford
Vitaly Janelt,de GER,MF,26,32,27,2254,25,1,3,4,1,0,0,3,0,0.8,0.8,2.2,3,17,80,38,0.04,0.12,0.16,0.04,0.16,0.03,0.09,0.12,0.03,0.12,Matches,Brentford
Kevin Schade,de GER,FW,22,38,26,2293,25.5,11,2,13,11,0,0,3,0,8.2,8.2,3.7,11.9,61,38,165,0.43,0.08,0.51,0.43,0.51,0.32,0.14,0.47,0.32,0.47,Matches,Brentford
Ethan Pinnock,jm JAM,DF,31,22,21,1913,21.3,2,0,2,2,0,0,2,0,1.1,1.1,1.2,2.3,3,41,9,0.09,0,0.09,0.09,0.09,0.05,0.05,0.11,0.05,0.11,Matches,Brentford
Kristoffer Ajer,no NOR,DF,26,24,17,1438,16,0,0,0,0,0,0,5,0,1,1,1.2,2.2,27,56,44,0,0,0,0,0,0.06,0.08,0.14,0.06,0.14,Matches,Brentford
Yehor Yarmoliuk,ua UKR,MF,20,31,15,1450,16.1,0,0,0,0,0,0,6,0,0.6,0.6,0.9,1.5,15,63,47,0,0,0,0,0,0.04,0.05,0.09,0.04,0.09,Matches,Brentford
Mads Roerslev,dk DEN,DF,25,19,11,1101,12.2,0,2,2,0,0,0,2,0,0.2,0.2,3,3.2,17,51,54,0,0.16,0.16,0,0.16,0.02,0.24,0.26,0.02,0.26,Matches,Brentford
Mathias Jensen,dk DEN,MF,28,24,8,862,9.6,0,2,2,0,0,0,2,0,0.2,0.2,1.7,1.9,6,61,27,0,0.21,0.21,0,0.21,0.03,0.17,0.2,0.03,0.2,Matches,Brentford
Michael Kayode,it ITA,DF,20,12,6,528,5.9,0,1,1,0,0,0,2,0,0.2,0.2,1.2,1.5,12,12,24,0,0.17,0.17,0,0.17,0.04,0.21,0.25,0.04,0.25,Matches,Brentford
Fabio Carvalho,pt POR,"FW,MF",21,19,3,455,5.1,2,1,3,2,0,0,1,0,2.5,2.5,0.7,3.2,9,17,23,0.4,0.2,0.59,0.4,0.59,0.49,0.13,0.62,0.49,0.62,Matches,Brentford
Ben Mee,eng ENG,DF,34,7,2,183,2,0,0,0,0,0,0,2,0,0,0,0,0,3,11,2,0,0,0,0,0,0,0,0,0,0,Matches,Brentford
Thiago,br BRA,"FW,MF",23,8,1,175,1.9,0,0,0,0,0,0,0,0,0.1,0.1,0.1,0.2,3,4,8,0,0,0,0,0,0.07,0.04,0.1,0.07,0.1,Matches,Brentford
Hákon Rafn Valdimarsson,is ISL,GK,22,2,1,145,1.6,0,0,0,0,0,0,0,0,0,0,0,0,0,0,0,0,0,0,0,0,0,0,0,0,0,Matches,Brentford
Edmond-Paris Maghoma,eng ENG,"MF,FW",23,8,0,119,1.3,0,0,0,0,0,0,0,0,0.1,0.1,0.1,0.2,4,13,4,0,0,0,0,0,0.09,0.08,0.17,0.09,0.17,Matches,Brentford
Rico Henry,eng ENG,DF,27,5,0,99,1.1,0,0,0,0,0,0,0,0,0,0,0,0,0,4,5,0,0,0,0,0,0,0,0,0,0,Matches,Brentford
Yunus Emre Konak,tr TUR,"FW,MF",18,10,0,42,0.5,0,0,0,0,0,0,0,0,0.2,0.2,0,0.2,1,2,2,0,0,0,0,0,0.33,0,0.33,0.33,0.33,Matches,Brentford
Kim Jisoo,kr KOR,DF,19,3,0,30,0.3,0,0,0,0,0,0,0,0,0,0,0,0,0,2,0,0,0,0,0,0,0,0,0,0,0,Matches,Brentford
Frank Onyeka,ng NGA,MF,26,2,0,25,0.3,0,0,0,0,0,0,0,0,0,0,0,0,0,1,0,0,0,0,0,0,0,0,0,0,0,Matches,Brentford
Gustavo Nunes,br BRA,"FW,MF",18,3,0,12,0.1,0,0,0,0,0,0,0,0,0,0,0,0,1,0,0,0,0,0,0,0,0,0,0,0,0,Matches,Brentford
Jayden Meghoma,eng ENG,DF,18,1,0,5,0.1,0,0,0,0,0,0,0,0,0,0,0,0,0,0,0,0,0,0,0,0,0,0,0,0,0,Matches,Brentford
Ryan Trevitt,eng ENG,MF,21,1,0,4,0,0,0,0,0,0,0,0,0,0,0,0,0,0,0,1,0,0,0,0,0,0,0,0,0,0,Matches,Brentford
Benjamin Arthur,eng ENG,DF,18,0,0,,,,,,,,,,,,,,,,,,,,,,,,,,,,Matches,Brentford
Julian Eyestone,us USA,GK,18,0,0,,,,,,,,,,,,,,,,,,,,,,,,,,,,Matches,Brentford
Benjamin Fredrick,ng NGA,DF,19,0,0,,,,,,,,,,,,,,,,,,,,,,,,,,,,Matches,Brentford
Aaron Hickey,sct SCO,"DF,MF",22,0,0,,,,,,,,,,,,,,,,,,,,,,,,,,,,Matches,Brentford
Iwan Morgan,wls WAL,FW,18,0,0,,,,,,,,,,,,,,,,,,,,,,,,,,,,Matches,Brentford
Myles Peart-Harris,eng ENG,MF,21,0,0,,,,,,,,,,,,,,,,,,,,,,,,,,,,Matches,Brentford
Tony Yogane,eng ENG,MF,18,0,0,,,,,,,,,,,,,,,,,,,,,,,,,,,,Matches,Brentford
Squad Total,,,25.8,38,418,3420,38,65,44,109,60,5,6,62,1,59,54.4,42.4,96.8,598,1356,1339,1.71,1.16,2.87,1.58,2.74,1.55,1.12,2.67,1.43,2.55,,Brentford
Opponent Total,,,26.4,38,418,3420,38,54,42,96,53,1,1,82,3,55.4,54.7,43.3,97.9,835,1562,1547,1.42,1.11,2.53,1.39,2.5,1.46,1.14,2.6,1.44,2.58,,Brentford
Bernd Leno,de GER,GK,32,38,38,3420,38,0,1,1,0,0,0,5,0,0,0,0.1,0.1,0,0,0,0,0.03,0.03,0,0.03,0,0,0,0,0,Matches,Fulham
Antonee Robinson,us USA,DF,26,36,35,3167,35.2,0,10,10,0,0,0,8,0,0.7,0.7,4.2,4.9,118,131,274,0,0.28,0.28,0,0.28,0.02,0.12,0.14,0.02,0.14,Matches,Fulham
Alex Iwobi,ng NGA,"FW,MF",28,38,35,2981,33.1,9,6,15,9,0,0,1,0,4.7,4.7,7,11.8,144,213,246,0.27,0.18,0.45,0.27,0.45,0.14,0.21,0.36,0.14,0.36,Matches,Fulham
Calvin Bassey,ng NGA,DF,24,35,34,3074,34.2,1,0,1,1,0,0,7,0,1,1,0.1,1.2,39,116,15,0.03,0,0.03,0.03,0.03,0.03,0,0.03,0.03,0.03,Matches,Fulham
Raúl Jiménez,mx MEX,FW,33,38,30,2494,27.7,12,3,15,9,3,3,4,0,12,9.6,3.3,12.9,35,62,125,0.43,0.11,0.54,0.32,0.43,0.43,0.12,0.55,0.35,0.47,Matches,Fulham
Joachim Andersen,dk DEN,DF,28,29,29,2583,28.7,0,0,0,0,0,0,6,1,1,1,0.5,1.5,16,112,2,0,0,0,0,0,0.04,0.02,0.05,0.04,0.05,Matches,Fulham
Saša Lukić,rs SRB,MF,27,30,28,2344,26,0,2,2,0,0,0,12,0,1.2,1.2,2.7,3.9,39,98,33,0,0.08,0.08,0,0.08,0.04,0.11,0.15,0.04,0.15,Matches,Fulham
Sander Berge,no NOR,MF,26,31,26,2224,24.7,0,0,0,0,0,0,6,0,0.4,0.4,0.6,1,29,124,9,0,0,0,0,0,0.01,0.03,0.04,0.01,0.04,Matches,Fulham
Emile Smith Rowe,eng ENG,MF,24,34,25,2043,22.7,6,3,9,6,0,0,3,0,4.5,4.5,1.4,6,53,126,127,0.26,0.13,0.4,0.26,0.4,0.2,0.06,0.26,0.2,0.26,Matches,Fulham
Andreas Pereira,br BRA,MF,28,33,25,2013,22.4,2,4,6,2,0,1,7,0,3.8,3,4.6,7.6,29,104,81,0.09,0.18,0.27,0.09,0.27,0.17,0.21,0.38,0.14,0.34,Matches,Fulham
Kenny Tete,nl NED,DF,28,22,21,1774,19.7,0,2,2,0,0,0,5,0,1.4,1.4,0.9,2.3,34,63,54,0,0.1,0.1,0,0.1,0.07,0.05,0.12,0.07,0.12,Matches,Fulham
Adama Traoré,es ESP,"FW,MF",28,36,18,1772,19.7,2,7,9,2,0,0,3,0,4,4,4.9,8.9,100,68,161,0.1,0.36,0.46,0.1,0.46,0.2,0.25,0.45,0.2,0.45,Matches,Fulham
Timothy Castagne,be BEL,DF,28,24,17,1649,18.3,0,1,1,0,0,0,1,0,0.4,0.4,1.2,1.6,17,62,67,0,0.05,0.05,0,0.05,0.02,0.07,0.09,0.02,0.09,Matches,Fulham
Issa Diop,fr FRA,DF,27,21,15,1339,14.9,0,0,0,0,0,0,2,0,0.5,0.5,0.1,0.6,6,25,3,0,0,0,0,0,0.04,0.01,0.04,0.04,0.04,Matches,Fulham
Harry Wilson,wls WAL,"FW,MF",27,25,12,1162,12.9,6,1,7,6,0,0,2,0,4.2,4.2,1.1,5.3,22,51,96,0.46,0.08,0.54,0.46,0.54,0.33,0.09,0.41,0.33,0.41,Matches,Fulham
Rodrigo Muniz,br BRA,FW,23,31,8,964,10.7,8,1,9,8,0,0,1,0,5.8,5.8,0.7,6.5,6,27,31,0.75,0.09,0.84,0.75,0.84,0.54,0.07,0.61,0.54,0.61,Matches,Fulham
Ryan Sessegnon,eng ENG,"FW,DF",24,16,7,580,6.4,4,2,6,4,0,0,1,0,1.6,1.6,1.1,2.7,18,22,59,0.62,0.31,0.93,0.62,0.93,0.25,0.17,0.42,0.25,0.42,Matches,Fulham
Reiss Nelson,eng ENG,FW,24,11,5,487,5.4,1,1,2,1,0,0,1,0,1.1,1.1,1,2.1,45,35,63,0.18,0.18,0.37,0.18,0.37,0.2,0.18,0.39,0.2,0.39,Matches,Fulham
Jorge Cuenca,es ESP,DF,24,8,4,351,3.9,0,0,0,0,0,0,0,0,0,0,0,0,0,10,0,0,0,0,0,0,0.01,0,0.01,0.01,0.01,Matches,Fulham
Tom Cairney,sct SCO,MF,33,25,3,628,7,2,0,2,2,0,0,3,1,0.8,0.8,1.1,1.8,18,53,33,0.29,0,0.29,0.29,0.29,0.11,0.15,0.26,0.11,0.26,Matches,Fulham
Willian,br BRA,"FW,MF",35,10,2,257,2.9,0,0,0,0,0,0,0,0,0.3,0.3,0.5,0.8,11,40,33,0,0,0,0,0,0.1,0.18,0.28,0.1,0.28,Matches,Fulham
Joshua King,eng ENG,MF,17,8,1,130,1.4,0,0,0,0,0,0,0,0,0.3,0.3,0.4,0.7,3,9,16,0,0,0,0,0,0.22,0.3,0.51,0.22,0.51,Matches,Fulham
Harrison Reed,eng ENG,MF,29,12,0,108,1.2,0,0,0,0,0,0,2,0,0.2,0.2,0.1,0.3,1,4,7,0,0,0,0,0,0.21,0.07,0.27,0.21,0.27,Matches,Fulham
Martial Godo,eng ENG,"FW,DF",21,2,0,24,0.3,0,0,0,0,0,0,0,0,0,0,0.1,0.1,2,3,6,0,0,0,0,0,0,0.21,0.21,0,0.21,Matches,Fulham
Carlos Vinícius,br BRA,"MF,FW",29,3,0,16,0.2,0,0,0,0,0,0,0,0,0,0,0,0,1,0,3,0,0,0,0,0,0.21,0,0.21,0.21,0.21,Matches,Fulham
Jay Stansfield,eng ENG,MF,21,1,0,1,0,0,0,0,0,0,0,0,0,0,0,0,0,0,0,0,0,0,0,0,0,0,0,0,0,0,Matches,Fulham
Samuel Amissah,eng ENG,DF,17,0,0,,,,,,,,,,,,,,,,,,,,,,,,,,,,Matches,Fulham
Steven Benda,de GER,GK,25,0,0,,,,,,,,,,,,,,,,,,,,,,,,,,,,Matches,Fulham
Squad Total,,,28.1,38,418,3420,38,53,44,97,50,3,4,80,2,49,45.9,37.5,83.4,786,1558,1544,1.39,1.16,2.55,1.32,2.47,1.29,0.99,2.28,1.21,2.2,,Fulham
Opponent Total,,,26.3,38,418,3420,38,52,40,92,49,3,4,67,3,47.2,44.1,34.4,78.5,654,1396,1384,1.37,1.05,2.42,1.29,2.34,1.24,0.91,2.15,1.16,2.06,,Fulham
Dean Henderson,eng ENG,GK,27,38,38,3420,38,0,0,0,0,0,0,3,0,0,0,0.2,0.2,0,0,0,0,0,0,0,0,0,0,0,0,0,Matches,Crystal-Palace
Daniel Muñoz,co COL,DF,28,37,37,3228,35.9,4,5,9,4,0,0,10,0,4.9,4.9,5.5,10.5,62,97,208,0.11,0.14,0.25,0.11,0.25,0.14,0.15,0.29,0.14,0.29,Matches,Crystal-Palace
Tyrick Mitchell,eng ENG,DF,24,37,37,3092,34.4,0,5,5,0,0,0,2,0,1.3,1.3,6.4,7.7,62,70,171,0,0.15,0.15,0,0.15,0.04,0.19,0.22,0.04,0.22,Matches,Crystal-Palace
Maxence Lacroix,fr FRA,DF,24,35,35,3116,34.6,1,1,2,1,0,0,5,0,3.4,3.4,1,4.4,8,65,7,0.03,0.03,0.06,0.03,0.06,0.1,0.03,0.13,0.1,0.13,Matches,Crystal-Palace
Marc Guéhi,eng ENG,DF,24,34,34,3059,34,3,2,5,3,0,0,9,1,2,2,1.7,3.7,22,134,10,0.09,0.06,0.15,0.09,0.15,0.06,0.05,0.11,0.06,0.11,Matches,Crystal-Palace
Jean-Philippe Mateta,fr FRA,FW,27,37,33,2648,29.4,14,2,16,12,2,2,2,0,13.6,12,3.2,15.2,45,53,122,0.48,0.07,0.54,0.41,0.48,0.46,0.11,0.57,0.41,0.52,Matches,Crystal-Palace
Eberechi Eze,eng ENG,"MF,FW",26,34,31,2588,28.8,8,8,16,7,1,2,1,0,10.4,8.9,6.2,15.1,68,97,153,0.28,0.28,0.56,0.24,0.52,0.36,0.22,0.58,0.31,0.52,Matches,Crystal-Palace
Ismaila Sarr,sn SEN,MF,26,38,30,2711,30.1,8,6,14,8,0,0,4,0,10.8,10.8,8.5,19.3,76,86,183,0.27,0.2,0.46,0.27,0.46,0.36,0.28,0.64,0.36,0.64,Matches,Crystal-Palace
Jefferson Lerma,co COL,"MF,DF",29,33,26,2274,25.3,0,1,1,0,0,0,9,0,1.1,1.1,1.5,2.6,12,97,26,0,0.04,0.04,0,0.04,0.04,0.06,0.1,0.04,0.1,Matches,Crystal-Palace
Will Hughes,eng ENG,MF,29,33,24,2108,23.4,0,3,3,0,0,0,11,0,1.1,1.1,3.1,4.2,20,87,27,0,0.13,0.13,0,0.13,0.05,0.13,0.18,0.05,0.18,Matches,Crystal-Palace
Chris Richards,us USA,DF,24,24,22,1922,21.4,1,0,1,1,0,0,4,1,1.3,1.3,0.1,1.4,6,39,2,0.05,0,0.05,0.05,0.05,0.06,0,0.07,0.06,0.07,Matches,Crystal-Palace
Adam Wharton,eng ENG,MF,20,20,16,1318,14.6,0,2,2,0,0,0,2,0,0.4,0.4,3,3.4,14,107,11,0,0.14,0.14,0,0.14,0.03,0.21,0.23,0.03,0.23,Matches,Crystal-Palace
Daichi Kamada,jp JPN,MF,27,34,15,1564,17.4,0,0,0,0,0,0,4,1,1.1,1.1,1.9,3,25,88,56,0,0,0,0,0,0.06,0.11,0.17,0.06,0.17,Matches,Crystal-Palace
Trevoh Chalobah,eng ENG,DF,25,12,12,1060,11.8,3,0,3,3,0,0,1,0,1.2,1.2,0.4,1.6,11,34,6,0.25,0,0.25,0.25,0.25,0.1,0.03,0.14,0.1,0.14,Matches,Crystal-Palace
Eddie Nketiah,eng ENG,"FW,MF",25,29,9,1034,11.5,3,1,4,3,0,0,6,1,5.7,5.7,1.7,7.4,41,19,78,0.26,0.09,0.35,0.26,0.35,0.5,0.15,0.64,0.5,0.64,Matches,Crystal-Palace
Nathaniel Clyne,eng ENG,"DF,MF",33,13,5,483,5.4,0,0,0,0,0,0,1,0,0,0,0.3,0.3,6,7,8,0,0,0,0,0,0,0.06,0.06,0,0.06,Matches,Crystal-Palace
Justin Devenny,nir NIR,MF,20,23,4,507,5.6,1,1,2,1,0,0,1,0,0.8,0.8,0.6,1.4,5,21,13,0.18,0.18,0.36,0.18,0.36,0.14,0.11,0.25,0.14,0.25,Matches,Crystal-Palace
Cheick Doucouré,ml MLI,MF,24,13,4,452,5,0,0,0,0,0,0,1,0,0.4,0.4,0,0.4,2,19,7,0,0,0,0,0,0.08,0,0.08,0.08,0.08,Matches,Crystal-Palace
Ben Chilwell,eng ENG,DF,27,8,1,259,2.9,1,0,1,1,0,0,1,0,0.2,0.2,0.8,1.1,5,8,15,0.35,0,0.35,0.35,0.35,0.08,0.29,0.37,0.08,0.37,Matches,Crystal-Palace
Romain Esse,eng ENG,MF,19,7,1,138,1.5,1,1,2,1,0,0,0,0,0.3,0.3,0.4,0.7,1,7,14,0.65,0.65,1.3,0.65,1.3,0.21,0.27,0.48,0.21,0.48,Matches,Crystal-Palace
Odsonne Édouard,fr FRA,"MF,FW",26,2,1,115,1.3,0,0,0,0,0,0,0,0,0.4,0.4,0,0.4,3,4,7,0,0,0,0,0,0.31,0.04,0.34,0.31,0.34,Matches,Crystal-Palace
Joachim Andersen,dk DEN,DF,28,1,1,90,1,0,0,0,0,0,0,1,0,0,0,0,0,1,4,1,0,0,0,0,0,0.04,0,0.04,0.04,0.04,Matches,Crystal-Palace
Chadi Riad,ma MAR,DF,21,1,1,90,1,0,0,0,0,0,0,0,0,0,0,0,0,2,7,0,0,0,0,0,0,0,0,0,0,0,Matches,Crystal-Palace
Joel Ward,eng ENG,DF,34,2,1,71,0.8,0,0,0,0,0,0,1,0,0,0,0,0,0,1,1,0,0,0,0,0,0,0.06,0.06,0,0.06,Matches,Crystal-Palace
Jeffrey Schlupp,gh GHA,"MF,DF",31,12,0,103,1.1,0,0,0,0,0,0,0,0,0.2,0.2,0.2,0.3,4,5,9,0,0,0,0,0,0.14,0.14,0.28,0.14,0.28,Matches,Crystal-Palace
Matheus França,br BRA,"MF,FW",20,4,0,55,0.6,1,0,1,1,0,0,0,0,0.3,0.3,0,0.3,4,3,4,1.64,0,1.64,1.64,1.64,0.42,0,0.42,0.42,0.42,Matches,Crystal-Palace
Jordan Ayew,gh GHA,"FW,MF",32,1,0,21,0.2,0,0,0,0,0,0,1,0,0.5,0.5,0,0.5,0,0,1,0,0,0,0,0,1.96,0.21,2.17,1.96,2.17,Matches,Crystal-Palace
Caleb Kporha,eng ENG,DF,18,2,0,13,0.1,0,0,0,0,0,0,0,0,0,0,0,0,1,0,0,0,0,0,0,0,0,0,0,0,0,Matches,Crystal-Palace
Asher Agbinone,eng ENG,MF,18,2,0,6,0.1,0,0,0,0,0,0,0,0,0,0,0,0.1,2,0,1,0,0,0,0,0,0.29,0.5,0.79,0.29,0.79,Matches,Crystal-Palace
Naouirou Ahamada,fr FRA,MF,22,0,0,,,,,,,,,,,,,,,,,,,,,,,,,,,,Matches,Crystal-Palace
Rob Holding,eng ENG,DF,28,0,0,,,,,,,,,,,,,,,,,,,,,,,,,,,,Matches,Crystal-Palace
Sam Johnstone,eng ENG,GK,31,0,0,,,,,,,,,,,,,,,,,,,,,,,,,,,,Matches,Crystal-Palace
Zachariah Marsh,eng ENG,FW,18,0,0,,,,,,,,,,,,,,,,,,,,,,,,,,,,Matches,Crystal-Palace
Remi Matthews,eng ENG,GK,30,0,0,,,,,,,,,,,,,,,,,,,,,,,,,,,,Matches,Crystal-Palace
Kaden Rodney,eng ENG,"DF,MF",19,0,0,,,,,,,,,,,,,,,,,,,,,,,,,,,,Matches,Crystal-Palace
Matt Turner,us USA,GK,30,0,0,,,,,,,,,,,,,,,,,,,,,,,,,,,,Matches,Crystal-Palace
Franco Umeh-Chibueze,ie IRL,MF,19,0,0,,,,,,,,,,,,,,,,,,,,,,,,,,,,Matches,Crystal-Palace
Squad Total,,,26.2,38,418,3420,38,49,38,87,46,3,4,80,4,60.4,57.3,46.4,103.7,508,1159,1141,1.29,1,2.29,1.21,2.21,1.59,1.22,2.81,1.51,2.73,,Crystal-Palace
Opponent Total,,,26.1,38,418,3420,38,48,39,87,47,1,2,84,4,49.1,47.5,38.5,85.9,687,1578,1566,1.26,1.03,2.29,1.24,2.26,1.29,1.01,2.3,1.25,2.26,,Crystal-Palace
Jordan Pickford,eng ENG,GK,30,38,38,3420,38,0,1,1,0,0,0,7,0,0,0,0.4,0.4,0,0,0,0,0.03,0.03,0,0.03,0,0.01,0.01,0,0.01,Matches,Everton
Vitaliy Mykolenko,ua UKR,DF,25,35,35,3082,34.2,1,2,3,1,0,0,4,0,0.5,0.5,2.6,3.1,33,110,99,0.03,0.06,0.09,0.03,0.09,0.01,0.08,0.09,0.01,0.09,Matches,Everton
Idrissa Gana Gueye,sn SEN,MF,34,37,35,3063,34,0,3,3,0,0,0,9,0,1.1,1.1,1.7,2.8,27,145,27,0,0.09,0.09,0,0.09,0.03,0.05,0.08,0.03,0.08,Matches,Everton
James Tarkowski,eng ENG,DF,31,33,33,2922,32.5,1,1,2,1,0,0,6,0,1.3,1.3,2.9,4.2,9,75,3,0.03,0.03,0.06,0.03,0.06,0.04,0.09,0.13,0.04,0.13,Matches,Everton
Abdoulaye Doucouré,ml MLI,MF,31,33,31,2564,28.5,3,2,5,3,0,0,5,1,4.1,4.1,2.4,6.6,42,82,96,0.11,0.07,0.18,0.11,0.18,0.15,0.09,0.23,0.15,0.23,Matches,Everton
Iliman Ndiaye,sn SEN,FW,24,33,29,2430,27,9,0,9,7,2,2,3,0,6.2,4.7,1.9,6.5,86,59,122,0.33,0,0.33,0.26,0.26,0.23,0.07,0.3,0.17,0.24,Matches,Everton
Jarrad Branthwaite,eng ENG,DF,22,30,28,2511,27.9,0,1,1,0,0,0,4,0,1.2,1.2,0.7,1.9,10,66,2,0,0.04,0.04,0,0.04,0.04,0.02,0.07,0.04,0.07,Matches,Everton
Jack Harrison,eng ENG,FW,27,34,24,2076,23.1,1,0,1,1,0,0,0,0,3.5,3.5,3.7,7.2,73,51,127,0.04,0,0.04,0.04,0.04,0.15,0.16,0.31,0.15,0.31,Matches,Everton
Ashley Young,eng ENG,DF,39,32,19,1875,20.8,1,3,4,1,0,0,7,1,0.3,0.3,2.3,2.6,24,90,32,0.05,0.14,0.19,0.05,0.19,0.01,0.11,0.12,0.01,0.12,Matches,Everton
Dominic Calvert-Lewin,eng ENG,FW,27,26,19,1609,17.9,3,1,4,3,0,0,2,0,6.7,6.7,0.6,7.4,23,20,112,0.17,0.06,0.22,0.17,0.22,0.38,0.04,0.41,0.38,0.41,Matches,Everton
James Garner,eng ENG,"MF,DF",23,21,17,1594,17.7,0,1,1,0,0,0,5,0,0.7,0.7,1.4,2.1,15,50,30,0,0.06,0.06,0,0.06,0.04,0.08,0.12,0.04,0.12,Matches,Everton
Jake O'Brien,ie IRL,DF,23,20,17,1571,17.5,2,0,2,2,0,0,5,0,0.8,0.8,0.6,1.3,7,50,25,0.11,0,0.11,0.11,0.11,0.04,0.03,0.08,0.04,0.08,Matches,Everton
Beto,gw GNB,FW,26,30,15,1534,17,8,0,8,8,0,0,2,0,8.2,8.2,1.2,9.4,15,16,77,0.47,0,0.47,0.47,0.47,0.48,0.07,0.55,0.48,0.55,Matches,Everton
Dwight McNeil,eng ENG,"MF,FW",24,21,15,1371,15.2,4,6,10,4,0,0,1,0,1.1,1.1,5.2,6.3,38,69,80,0.26,0.39,0.66,0.26,0.66,0.07,0.34,0.41,0.07,0.41,Matches,Everton
Jesper Lindstrøm,dk DEN,FW,24,25,15,1239,13.8,0,1,1,0,0,0,2,0,2.1,2.1,2,4.1,30,25,81,0,0.07,0.07,0,0.07,0.15,0.15,0.3,0.15,0.3,Matches,Everton
Orel Mangala,be BEL,MF,26,19,14,1261,14,1,0,1,1,0,0,2,0,1.1,1.1,0.6,1.8,6,34,19,0.07,0,0.07,0.07,0.07,0.08,0.05,0.13,0.08,0.13,Matches,Everton
Michael Keane,eng ENG,DF,31,14,11,1049,11.7,3,0,3,3,0,0,5,0,0.6,0.6,0.1,0.7,1,14,3,0.26,0,0.26,0.26,0.26,0.05,0.01,0.06,0.05,0.06,Matches,Everton
Carlos Alcaraz,ar ARG,"FW,MF",21,15,7,764,8.5,2,3,5,2,0,0,4,0,1.7,1.7,1.6,3.4,19,42,21,0.24,0.35,0.59,0.24,0.59,0.2,0.19,0.4,0.2,0.4,Matches,Everton
Tim Iroegbunam,eng ENG,MF,21,18,5,574,6.4,0,1,1,0,0,0,4,0,0.2,0.2,0.2,0.4,8,15,9,0,0.16,0.16,0,0.16,0.04,0.03,0.07,0.04,0.07,Matches,Everton
Armando Broja,al ALB,FW,22,10,4,334,3.7,0,0,0,0,0,0,1,0,0.1,0.1,0.2,0.3,12,2,26,0,0,0,0,0,0.03,0.05,0.08,0.03,0.08,Matches,Everton
Nathan Patterson,sct SCO,DF,22,10,3,347,3.9,0,1,1,0,0,0,1,0,0.1,0.1,0.4,0.5,6,13,18,0,0.26,0.26,0,0.26,0.02,0.11,0.13,0.02,0.13,Matches,Everton
Séamus Coleman,ie IRL,DF,35,5,3,215,2.4,0,0,0,0,0,0,1,0,0.6,0.6,0,0.6,1,11,7,0,0,0,0,0,0.24,0,0.24,0.24,0.24,Matches,Everton
Roman Dixon,eng ENG,DF,19,1,1,90,1,0,0,0,0,0,0,0,0,0,0,0,0,0,0,1,0,0,0,0,0,0,0,0,0,0,Matches,Everton
Harrison Armstrong,eng ENG,MF,17,3,0,48,0.5,0,0,0,0,0,0,1,0,0.4,0.4,0.1,0.4,1,1,0,0,0,0,0,0,0.69,0.14,0.82,0.69,0.82,Matches,Everton
Youssef Chermiti,pt POR,"FW,MF",20,4,0,45,0.5,0,0,0,0,0,0,1,0,0.1,0.1,0,0.1,0,1,6,0,0,0,0,0,0.22,0,0.22,0.22,0.22,Matches,Everton
Mason Holgate,jm JAM,"FW,DF",27,1,0,6,0.1,0,0,0,0,0,0,0,0,0,0,0,0,0,0,0,0,0,0,0,0,0,0,0,0,0,Matches,Everton
Callum Bates,eng ENG,MF,18,0,0,,,,,,,,,,,,,,,,,,,,,,,,,,,,Matches,Everton
Asmir Begović,ba BIH,GK,37,0,0,,,,,,,,,,,,,,,,,,,,,,,,,,,,Matches,Everton
Coby Ebere,de GER,MF,18,0,0,,,,,,,,,,,,,,,,,,,,,,,,,,,,Matches,Everton
Isaac Heath,eng ENG,FW,19,0,0,,,,,,,,,,,,,,,,,,,,,,,,,,,,Matches,Everton
Neal Maupay,fr FRA,"FW,MF",27,0,0,,,,,,,,,,,,,,,,,,,,,,,,,,,,Matches,Everton
Jenson Metcalfe,eng ENG,MF,19,0,0,,,,,,,,,,,,,,,,,,,,,,,,,,,,Matches,Everton
Martin Sherif,nl NED,FW,18,0,0,,,,,,,,,,,,,,,,,,,,,,,,,,,,Matches,Everton
João Virgínia,pt POR,GK,24,0,0,,,,,,,,,,,,,,,,,,,,,,,,,,,,Matches,Everton
Reece Welch,eng ENG,DF,20,0,0,,,,,,,,,,,,,,,,,,,,,,,,,,,,Matches,Everton
Squad Total,,,28,38,418,3420,38,39,27,66,37,2,2,82,2,41.8,40.2,32.2,72.4,486,1041,1023,1.03,0.71,1.74,0.97,1.68,1.1,0.85,1.95,1.06,1.91,,Everton
Opponent Total,,,26.2,38,418,3420,38,44,35,79,44,0,2,46,2,46.2,44.6,34.6,79.2,724,1627,1616,1.16,0.92,2.08,1.16,2.08,1.22,0.91,2.13,1.17,2.08,,Everton
Max Kilman,eng ENG,DF,27,38,38,3348,37.2,0,1,1,0,0,0,5,0,1.6,1.6,1.2,2.8,31,113,6,0,0.03,0.03,0,0.03,0.04,0.03,0.08,0.04,0.08,Matches,West-Ham-United
Aaron Wan-Bissaka,eng ENG,DF,26,36,35,3154,35,2,5,7,2,0,0,1,0,1.2,1.2,3.5,4.7,110,149,167,0.06,0.14,0.2,0.06,0.2,0.03,0.1,0.14,0.03,0.14,Matches,West-Ham-United
Jarrod Bowen,eng ENG,"FW,MF",27,34,34,2973,33,13,8,21,12,1,1,1,0,8.6,7.8,6.8,14.7,109,91,212,0.39,0.24,0.64,0.36,0.61,0.26,0.21,0.47,0.24,0.44,Matches,West-Ham-United
Mohammed Kudus,gh GHA,"FW,MF",23,32,31,2590,28.8,5,3,8,5,0,0,2,1,6.9,6.9,3.1,10,98,79,216,0.17,0.1,0.28,0.17,0.28,0.24,0.11,0.35,0.24,0.35,Matches,West-Ham-United
Tomáš Souček,cz CZE,MF,29,35,30,2567,28.5,9,1,10,9,0,0,8,0,6.7,6.7,1,7.8,9,74,68,0.32,0.04,0.35,0.32,0.35,0.24,0.04,0.27,0.24,0.27,Matches,West-Ham-United
Lucas Paquetá,br BRA,"MF,FW",26,33,27,2380,26.4,4,0,4,2,2,2,10,0,5.3,3.7,3.1,6.8,26,155,85,0.15,0,0.15,0.08,0.08,0.2,0.12,0.32,0.14,0.26,Matches,West-Ham-United
Emerson Palmieri,it ITA,DF,29,31,26,2113,23.5,2,1,3,2,0,0,5,0,2,2,1.5,3.4,47,66,83,0.09,0.04,0.13,0.09,0.13,0.08,0.06,0.15,0.08,0.15,Matches,West-Ham-United
Alphonse Areola,fr FRA,GK,31,26,25,2260,25.1,0,0,0,0,0,0,0,0,0,0,0,0,0,1,0,0,0,0,0,0,0,0,0,0,0,Matches,West-Ham-United
Konstantinos Mavropanos,gr GRE,DF,26,33,21,2045,22.7,0,0,0,0,0,0,6,1,1.5,1.5,0.5,2,17,61,2,0,0,0,0,0,0.07,0.02,0.09,0.07,0.09,Matches,West-Ham-United
Jean-Clair Todibo,fr FRA,DF,24,27,20,1825,20.3,0,0,0,0,0,0,3,0,0.4,0.4,0,0.4,9,38,5,0,0,0,0,0,0.02,0,0.02,0.02,0.02,Matches,West-Ham-United
Edson Álvarez,mx MEX,MF,26,28,20,1772,19.7,0,1,1,0,0,0,9,1,0.4,0.4,0.8,1.2,24,85,18,0,0.05,0.05,0,0.05,0.02,0.04,0.06,0.02,0.06,Matches,West-Ham-United
Guido Rodríguez,ar ARG,MF,30,23,16,1149,12.8,0,1,1,0,0,0,6,0,0.2,0.2,0.2,0.4,4,33,7,0,0.08,0.08,0,0.08,0.02,0.01,0.03,0.02,0.03,Matches,West-Ham-United
Carlos Soler,es ESP,"MF,FW",27,31,14,1409,15.7,1,1,2,1,0,0,6,0,1.8,1.8,1.4,3.2,17,56,37,0.06,0.06,0.13,0.06,0.13,0.12,0.09,0.21,0.12,0.21,Matches,West-Ham-United
Łukasz Fabiański,pl POL,GK,39,14,13,1160,12.9,0,0,0,0,0,0,2,0,0,0,0,0,0,0,0,0,0,0,0,0,0,0,0,0,0,Matches,West-Ham-United
James Ward-Prowse,eng ENG,MF,29,15,12,1039,11.5,1,1,2,1,0,0,2,0,1.6,1.6,1.9,3.6,11,54,9,0.09,0.09,0.17,0.09,0.17,0.14,0.17,0.31,0.14,0.31,Matches,West-Ham-United
Vladimír Coufal,cz CZE,DF,31,22,11,1067,11.9,0,0,0,0,0,0,5,0,0.3,0.3,0.7,1,26,39,33,0,0,0,0,0,0.03,0.06,0.08,0.03,0.08,Matches,West-Ham-United
Michail Antonio,jm JAM,FW,34,14,11,836,9.3,1,1,2,1,0,0,1,0,2.2,2.2,1.6,3.8,29,18,59,0.11,0.11,0.22,0.11,0.22,0.24,0.17,0.41,0.24,0.41,Matches,West-Ham-United
Aaron Cresswell,eng ENG,DF,34,18,10,824,9.2,0,0,0,0,0,0,3,0,0.2,0.2,1.3,1.6,6,36,4,0,0,0,0,0,0.03,0.15,0.17,0.03,0.17,Matches,West-Ham-United
Crysencio Summerville,nl NED,"FW,MF",22,19,7,786,8.7,1,1,2,1,0,0,2,0,1.6,1.6,1.7,3.3,29,18,71,0.11,0.11,0.23,0.11,0.23,0.19,0.19,0.38,0.19,0.38,Matches,West-Ham-United
Oliver Scarles,eng ENG,"DF,FW",18,15,7,665,7.4,0,0,0,0,0,0,1,0,0.1,0.1,0.1,0.2,12,22,44,0,0,0,0,0,0.01,0.01,0.03,0.01,0.03,Matches,West-Ham-United
Niclas Füllkrug,de GER,FW,31,18,6,790,8.8,3,2,5,3,0,0,2,0,2.2,2.2,1.9,4.1,7,14,31,0.34,0.23,0.57,0.34,0.57,0.25,0.22,0.46,0.25,0.46,Matches,West-Ham-United
Danny Ings,eng ENG,"FW,MF",32,15,1,284,3.2,1,2,3,1,0,0,0,0,2.3,2.3,1.3,3.5,6,5,29,0.32,0.63,0.95,0.32,0.95,0.72,0.41,1.12,0.72,1.12,Matches,West-Ham-United
Andy Irving,sct SCO,MF,24,10,1,166,1.8,0,0,0,0,0,0,2,0,0.1,0.1,0.2,0.4,0,9,4,0,0,0,0,0,0.06,0.13,0.19,0.06,0.19,Matches,West-Ham-United
Evan Ferguson,ie IRL,FW,19,8,1,156,1.7,0,0,0,0,0,0,0,0,0.6,0.6,0.3,0.9,1,1,7,0,0,0,0,0,0.32,0.17,0.5,0.32,0.5,Matches,West-Ham-United
Luis Guilherme,br BRA,"MF,FW",18,12,1,150,1.7,0,0,0,0,0,0,0,0,0.4,0.4,0.1,0.5,4,5,16,0,0,0,0,0,0.25,0.05,0.3,0.25,0.3,Matches,West-Ham-United
Lewis Orford,eng ENG,MF,18,2,0,49,0.5,0,0,0,0,0,0,0,0,0,0,0,0,0,0,1,0,0,0,0,0,0.05,0.04,0.09,0.05,0.09,Matches,West-Ham-United
Kaelan Casey,eng ENG,DF,19,1,0,1,0,0,0,0,0,0,0,0,0,0,0,0,0,0,0,0,0,0,0,0,0,0,0,0,0,0,Matches,West-Ham-United
Wes Foderingham,eng ENG,GK,33,0,0,,,,,,,,,,,,,,,,,,,,,,,,,,,,Matches,West-Ham-United
Ezra Mayers,bb BRB,DF,17,0,0,,,,,,,,,,,,,,,,,,,,,,,,,,,,Matches,West-Ham-United
Squad Total,,,28.1,38,418,3420,38,43,29,72,40,3,3,82,3,47,44.7,33.9,78.6,632,1222,1214,1.13,0.76,1.89,1.05,1.82,1.24,0.89,2.13,1.18,2.07,,West-Ham-United
Opponent Total,,,26.1,38,418,3420,38,59,45,104,56,3,3,56,1,59.7,57.4,47.6,105,832,1622,1610,1.55,1.18,2.74,1.47,2.66,1.57,1.25,2.82,1.51,2.76,,West-Ham-United
Bruno Fernandes,pt POR,MF,29,36,35,3018,33.5,8,10,18,5,3,3,5,2,9.9,7.6,8.5,16.1,77,325,129,0.24,0.3,0.54,0.15,0.45,0.3,0.25,0.55,0.23,0.48,Matches,Manchester-United
André Onana,cm CMR,GK,28,34,34,3060,34,0,0,0,0,0,0,0,0,0,0,0.2,0.2,0,1,0,0,0,0,0,0,0,0,0,0,0,Matches,Manchester-United
Noussair Mazraoui,ma MAR,DF,26,37,34,2838,31.5,0,1,1,0,0,0,3,0,0.7,0.7,1.5,2.2,42,115,58,0,0.03,0.03,0,0.03,0.02,0.05,0.07,0.02,0.07,Matches,Manchester-United
Diogo Dalot,pt POR,DF,25,33,31,2814,31.3,0,3,3,0,0,0,5,0,2,2,2,4.1,62,103,168,0,0.1,0.1,0,0.1,0.07,0.07,0.13,0.07,0.13,Matches,Manchester-United
Matthijs de Ligt,nl NED,DF,24,29,25,2123,23.6,2,0,2,2,0,0,3,0,2.5,2.5,0.3,2.8,7,55,6,0.08,0,0.08,0.08,0.08,0.1,0.01,0.12,0.1,0.12,Matches,Manchester-United
Alejandro Garnacho,ar ARG,"MF,FW",20,36,23,2199,24.4,6,2,8,6,0,0,3,0,7.3,7.3,4.5,11.8,141,56,290,0.25,0.08,0.33,0.25,0.33,0.3,0.19,0.48,0.3,0.48,Matches,Manchester-United
Rasmus Højlund,dk DEN,FW,21,32,23,2004,22.3,4,0,4,4,0,0,2,0,5.3,5.3,1.8,7.1,28,18,101,0.18,0,0.18,0.18,0.18,0.24,0.08,0.32,0.24,0.32,Matches,Manchester-United
Manuel Ugarte Ribeiro,uy URU,MF,23,29,22,1785,19.8,1,2,3,1,0,0,11,0,1,1,1.1,2.1,16,61,20,0.05,0.1,0.15,0.05,0.15,0.05,0.06,0.11,0.05,0.11,Matches,Manchester-United
Amad Diallo,ci CIV,"MF,FW",22,26,20,1901,21.1,8,6,14,8,0,0,5,0,4.7,4.7,4.9,9.6,109,60,200,0.38,0.28,0.66,0.38,0.66,0.22,0.23,0.45,0.22,0.45,Matches,Manchester-United
Lisandro Martínez,ar ARG,DF,26,20,20,1751,19.5,2,1,3,2,0,0,7,0,1.3,1.3,1.1,2.4,23,117,7,0.1,0.05,0.15,0.1,0.15,0.07,0.06,0.13,0.07,0.13,Matches,Manchester-United
Harry Maguire,eng ENG,DF,31,27,19,1758,19.5,1,0,1,1,0,0,7,0,1.8,1.8,0.6,2.4,7,51,7,0.05,0,0.05,0.05,0.05,0.09,0.03,0.12,0.09,0.12,Matches,Manchester-United
Kobbie Mainoo,eng ENG,MF,19,25,19,1651,18.3,0,0,0,0,0,0,5,0,0.7,0.7,1.6,2.3,22,65,47,0,0,0,0,0,0.04,0.09,0.12,0.04,0.12,Matches,Manchester-United
Casemiro,br BRA,MF,32,24,18,1494,16.6,1,0,1,1,0,0,5,0,1.9,1.9,2.3,4.2,4,84,28,0.06,0,0.06,0.06,0.06,0.11,0.14,0.25,0.11,0.25,Matches,Manchester-United
Joshua Zirkzee,nl NED,"FW,MF",23,32,14,1402,15.6,3,1,4,3,0,0,2,0,4.8,4.8,1.5,6.3,14,44,69,0.19,0.06,0.26,0.19,0.26,0.31,0.1,0.41,0.31,0.41,Matches,Manchester-United
Leny Yoro,fr FRA,DF,18,21,12,1165,12.9,0,0,0,0,0,0,5,0,0.7,0.7,0.1,0.8,19,52,4,0,0,0,0,0,0.05,0.01,0.06,0.05,0.06,Matches,Manchester-United
Marcus Rashford,eng ENG,"FW,MF",26,15,12,978,10.9,4,1,5,4,0,0,2,0,1.7,1.7,2.1,3.8,20,21,79,0.37,0.09,0.46,0.37,0.46,0.16,0.19,0.35,0.16,0.35,Matches,Manchester-United
Christian Eriksen,dk DEN,MF,32,23,11,1061,11.8,1,2,3,0,1,1,4,0,1.4,0.6,3.2,3.8,13,55,29,0.08,0.17,0.25,0,0.17,0.12,0.27,0.39,0.05,0.32,Matches,Manchester-United
Patrick Dorgu,dk DEN,DF,19,12,10,842,9.4,0,0,0,0,0,0,3,1,0.4,0.4,0.7,1.2,41,34,83,0,0,0,0,0,0.05,0.08,0.12,0.05,0.12,Matches,Manchester-United
Mason Mount,eng ENG,MF,25,17,8,622,6.9,1,0,1,1,0,0,3,0,3.2,3.2,0.6,3.8,15,33,41,0.14,0,0.14,0.14,0.14,0.47,0.08,0.55,0.47,0.55,Matches,Manchester-United
Victor Lindelöf,se SWE,DF,30,16,6,704,7.8,0,0,0,0,0,0,1,0,0,0,0.1,0.1,5,26,4,0,0,0,0,0,0,0.01,0.01,0,0.01,Matches,Manchester-United
Altay Bayındır,tr TUR,GK,26,4,4,360,4,0,0,0,0,0,0,0,0,0,0,0,0,0,0,0,0,0,0,0,0,0,0,0,0,0,Matches,Manchester-United
Luke Shaw,eng ENG,DF,29,7,4,349,3.9,0,0,0,0,0,0,1,0,0,0,0.7,0.7,7,24,7,0,0,0,0,0,0.01,0.18,0.19,0.01,0.19,Matches,Manchester-United
Harry Amass,eng ENG,DF,17,5,4,346,3.8,0,0,0,0,0,0,0,0,0.1,0.1,0,0.1,9,7,23,0,0,0,0,0,0.02,0.01,0.02,0.02,0.02,Matches,Manchester-United
Jonny Evans,nir NIR,DF,36,7,3,315,3.5,0,0,0,0,0,0,1,0,0.1,0.1,0,0.1,3,10,3,0,0,0,0,0,0.04,0,0.04,0.04,0.04,Matches,Manchester-United
Ayden Heaven,eng ENG,DF,17,4,2,170,1.9,0,0,0,0,0,0,1,0,0.1,0.1,0,0.2,1,7,1,0,0,0,0,0,0.07,0.01,0.08,0.07,0.08,Matches,Manchester-United
Tyler Fredricson,eng ENG,DF,19,2,2,165,1.8,0,0,0,0,0,0,0,0,0,0,0,0,2,8,0,0,0,0,0,0,0,0,0,0,0,Matches,Manchester-United
Tyrell Malacia,nl NED,DF,24,3,2,100,1.1,0,0,0,0,0,0,1,0,0,0,0,0,3,3,6,0,0,0,0,0,0,0.03,0.03,0,0.03,Matches,Manchester-United
Chidozie Obi-Martin,dk DEN,FW,16,7,1,165,1.8,0,0,0,0,0,0,1,0,0.7,0.7,0,0.7,2,1,12,0,0,0,0,0,0.36,0,0.36,0.36,0.36,Matches,Manchester-United
Toby Collyer,eng ENG,MF,20,6,0,179,2,0,0,0,0,0,0,0,0,0.2,0.2,0.3,0.4,0,5,2,0,0,0,0,0,0.09,0.13,0.22,0.09,0.22,Matches,Manchester-United
Antony,br BRA,"DF,MF",24,8,0,141,1.6,0,0,0,0,0,0,0,0,1,1,0.1,1.1,5,6,7,0,0,0,0,0,0.65,0.08,0.73,0.65,0.73,Matches,Manchester-United
Scott McTominay,sct SCO,MF,27,2,0,19,0.2,0,0,0,0,0,0,0,0,0.1,0.1,0,0.1,0,1,2,0,0,0,0,0,0.33,0,0.33,0.33,0.33,Matches,Manchester-United
Jayce Fitzgerald,eng ENG,MF,17,0,0,,,,,,,,,,,,,,,,,,,,,,,,,,,,Matches,Manchester-United
Jack Fletcher,eng ENG,MF,17,0,0,,,,,,,,,,,,,,,,,,,,,,,,,,,,Matches,Manchester-United
Hubert Graczyk,pl POL,GK,21,0,0,,,,,,,,,,,,,,,,,,,,,,,,,,,,Matches,Manchester-United
Elyh Harrison,eng ENG,GK,18,0,0,,,,,,,,,,,,,,,,,,,,,,,,,,,,Matches,Manchester-United
Tom Heaton,eng ENG,GK,38,0,0,,,,,,,,,,,,,,,,,,,,,,,,,,,,Matches,Manchester-United
Sekou Koné,ml MLI,MF,18,0,0,,,,,,,,,,,,,,,,,,,,,,,,,,,,Matches,Manchester-United
Godwill Kukonki,eng ENG,DF,16,0,0,,,,,,,,,,,,,,,,,,,,,,,,,,,,Matches,Manchester-United
Dermot Mee,nir NIR,GK,21,0,0,,,,,,,,,,,,,,,,,,,,,,,,,,,,Matches,Manchester-United
Jack Moorhouse,eng ENG,MF,18,0,0,,,,,,,,,,,,,,,,,,,,,,,,,,,,Matches,Manchester-United
Ethan Wheatley,eng ENG,FW,18,0,0,,,,,,,,,,,,,,,,,,,,,,,,,,,,Matches,Manchester-United
Squad Total,,,25.5,38,418,3420,38,42,29,71,38,4,4,86,3,52.6,49.4,39.7,89.1,697,1448,1433,1.11,0.76,1.87,1,1.76,1.38,1.04,2.43,1.3,2.35,,Manchester-United
Opponent Total,,,26.4,38,418,3420,38,52,36,88,49,3,4,71,3,53.8,50.8,38.4,89.2,672,1184,1172,1.37,0.95,2.32,1.29,2.24,1.42,1.01,2.43,1.34,2.35,,Manchester-United
Rayan Aït-Nouri,dz ALG,DF,23,37,37,3109,34.5,4,7,11,4,0,0,7,1,2.7,2.7,5.5,8.2,89,108,176,0.12,0.2,0.32,0.12,0.32,0.08,0.16,0.24,0.08,0.24,Matches,Wolverhampton-Wanderers
João Gomes,br BRA,MF,23,36,35,2974,33,3,1,4,3,0,0,11,1,2.9,2.9,1.2,4.1,59,165,76,0.09,0.03,0.12,0.09,0.12,0.09,0.04,0.12,0.09,0.12,Matches,Wolverhampton-Wanderers
Nélson Semedo,pt POR,DF,30,34,32,2886,32.1,0,4,4,0,0,0,8,0,0.9,0.9,2.8,3.7,67,80,119,0,0.12,0.12,0,0.12,0.03,0.09,0.12,0.03,0.12,Matches,Wolverhampton-Wanderers
André,br BRA,MF,23,33,31,2472,27.5,0,0,0,0,0,0,7,0,0.4,0.4,0.8,1.3,10,109,11,0,0,0,0,0,0.02,0.03,0.05,0.02,0.05,Matches,Wolverhampton-Wanderers
Toti Gomes,pt POR,DF,25,31,30,2614,29,0,1,1,0,0,0,7,0,0.7,0.7,0.9,1.7,27,86,18,0,0.03,0.03,0,0.03,0.03,0.03,0.06,0.03,0.06,Matches,Wolverhampton-Wanderers
Jørgen Strand Larsen,no NOR,FW,24,35,30,2587,28.7,14,4,18,14,0,0,4,0,10.3,10.3,3,13.3,17,29,112,0.49,0.14,0.63,0.49,0.63,0.36,0.1,0.46,0.36,0.46,Matches,Wolverhampton-Wanderers
José Sá,pt POR,GK,31,29,29,2609,29,0,0,0,0,0,0,2,0,0,0,0.2,0.2,0,2,0,0,0,0,0,0,0,0.01,0.01,0,0.01,Matches,Wolverhampton-Wanderers
Matheus Cunha,br BRA,"MF,FW",25,33,29,2597,28.9,15,6,21,15,0,0,4,0,8.6,8.6,7.7,16.4,112,144,161,0.52,0.21,0.73,0.52,0.73,0.3,0.27,0.57,0.3,0.57,Matches,Wolverhampton-Wanderers
Matt Doherty,ie IRL,DF,32,30,25,2109,23.4,2,1,3,2,0,0,6,0,1,1,1.5,2.6,29,79,41,0.09,0.04,0.13,0.09,0.13,0.04,0.07,0.11,0.04,0.11,Matches,Wolverhampton-Wanderers
Jean-Ricner Bellegarde,fr FRA,"MF,FW",26,35,20,1677,18.6,2,7,9,2,0,0,3,0,1.5,1.5,3.8,5.3,52,43,89,0.11,0.38,0.48,0.11,0.48,0.08,0.2,0.29,0.08,0.29,Matches,Wolverhampton-Wanderers
Santiago Bueno,uy URU,DF,25,29,18,1687,18.7,0,0,0,0,0,0,2,0,0.4,0.4,0,0.4,1,28,1,0,0,0,0,0,0.02,0,0.02,0.02,0.02,Matches,Wolverhampton-Wanderers
Emmanuel Agbadou,ci CIV,DF,27,16,16,1410,15.7,1,0,1,1,0,0,3,0,0.8,0.8,0.2,1.1,6,31,2,0.06,0,0.06,0.06,0.06,0.05,0.02,0.07,0.05,0.07,Matches,Wolverhampton-Wanderers
Mario Lemina,ga GAB,"MF,DF",30,17,15,1364,15.2,1,3,4,1,0,0,4,0,1.4,1.4,1.1,2.5,8,48,21,0.07,0.2,0.26,0.07,0.26,0.09,0.07,0.17,0.09,0.17,Matches,Wolverhampton-Wanderers
Marshall Munetsi,zw ZIM,"MF,FW",28,14,12,1078,12,2,1,3,2,0,0,0,0,3.3,3.3,1.8,5.1,9,10,35,0.17,0.08,0.25,0.17,0.25,0.28,0.15,0.42,0.28,0.42,Matches,Wolverhampton-Wanderers
Gonçalo Guedes,pt POR,"MF,FW",27,29,10,995,11.1,2,4,6,2,0,0,1,0,3.2,3.2,1.3,4.5,41,40,79,0.18,0.36,0.54,0.18,0.54,0.29,0.11,0.4,0.29,0.4,Matches,Wolverhampton-Wanderers
Craig Dawson,eng ENG,DF,34,15,10,971,10.8,0,0,0,0,0,0,2,0,0.5,0.5,0,0.5,6,20,5,0,0,0,0,0,0.05,0,0.05,0.05,0.05,Matches,Wolverhampton-Wanderers
Pablo Sarabia,es ESP,"MF,FW",32,23,7,814,9,3,2,5,3,0,0,3,0,2.9,2.9,1.8,4.6,15,60,62,0.33,0.22,0.55,0.33,0.55,0.32,0.19,0.51,0.32,0.51,Matches,Wolverhampton-Wanderers
Rodrigo Gomes,pt POR,"DF,FW",21,25,7,810,9,2,0,2,2,0,0,0,0,0.7,0.7,0.9,1.6,23,27,81,0.22,0,0.22,0.22,0.22,0.08,0.1,0.18,0.08,0.18,Matches,Wolverhampton-Wanderers
Sam Johnstone,eng ENG,GK,31,7,7,630,7,0,0,0,0,0,0,0,0,0,0,0,0,0,0,0,0,0,0,0,0,0,0,0,0,0,Matches,Wolverhampton-Wanderers
Hwang Hee-chan,kr KOR,"MF,FW",28,21,5,661,7.3,2,0,2,2,0,0,0,0,0.8,0.8,0.1,0.9,15,12,42,0.27,0,0.27,0.27,0.27,0.11,0.02,0.13,0.11,0.13,Matches,Wolverhampton-Wanderers
Yerson Mosquera,co COL,DF,23,5,5,441,4.9,0,0,0,0,0,0,2,0,0.3,0.3,0.1,0.4,0,7,0,0,0,0,0,0,0.07,0.02,0.09,0.07,0.09,Matches,Wolverhampton-Wanderers
Tommy Doyle,eng ENG,MF,22,24,3,488,5.4,0,1,1,0,0,0,1,0,0.6,0.6,0.5,1.1,6,40,4,0,0.18,0.18,0,0.18,0.1,0.09,0.2,0.1,0.2,Matches,Wolverhampton-Wanderers
Daniel Bentley,eng ENG,GK,31,2,2,180,2,0,0,0,0,0,0,0,0,0,0,0,0,0,0,0,0,0,0,0,0,0,0,0,0,0,Matches,Wolverhampton-Wanderers
Carlos Forbs,pt POR,"MF,FW",20,10,1,239,2.7,0,0,0,0,0,0,2,0,0.1,0.1,0,0.2,10,8,28,0,0,0,0,0,0.05,0.01,0.07,0.05,0.07,Matches,Wolverhampton-Wanderers
Pedro Lima,br BRA,DF,18,3,1,70,0.8,0,0,0,0,0,0,0,0,0.1,0.1,0.1,0.1,4,4,11,0,0,0,0,0,0.07,0.09,0.16,0.07,0.16,Matches,Wolverhampton-Wanderers
Nasser Djiga,bf BFA,DF,21,5,1,66,0.7,0,0,0,0,0,0,0,0,0,0,0,0,0,3,2,0,0,0,0,0,0,0,0,0,0,Matches,Wolverhampton-Wanderers
Daniel Podence,pt POR,"MF,FW",28,2,0,48,0.5,0,0,0,0,0,0,0,0,0,0,0,0,1,2,3,0,0,0,0,0,0.07,0,0.07,0.07,0.07,Matches,Wolverhampton-Wanderers
Chiquinho,pt POR,MF,24,1,0,7,0.1,0,0,0,0,0,0,0,0,0,0,0,0,0,0,0,0,0,0,0,0,0,0.42,0.42,0,0.42,Matches,Wolverhampton-Wanderers
Mateus Mane,,MF,,1,0,2,0,0,0,0,0,0,0,0,0,0,0,0,0,0,0,0,0,0,0,0,0,0,0,0,0,0,Matches,Wolverhampton-Wanderers
Tom King,wls WAL,GK,29,1,0,1,0,0,0,0,0,0,0,0,0,0,0,0,0,0,0,0,0,0,0,0,0,0,0,0,0,0,Matches,Wolverhampton-Wanderers
Alfie Pond,eng ENG,DF,20,1,0,1,0,0,0,0,0,0,0,0,0,0,0,0,0,0,0,0,0,0,0,0,0,0,0,0,0,0,Matches,Wolverhampton-Wanderers
Boubacar Traoré,ml MLI,MF,22,1,0,1,0,0,0,0,0,0,0,0,0,0,0,0,0,0,0,0,0,0,0,0,0,0,0,0,0,0,Matches,Wolverhampton-Wanderers
Tawanda Chirewa,zw ZIM,MF,20,0,0,,,,,,,,,,,,,,,,,,,,,,,,,,,,Matches,Wolverhampton-Wanderers
Luke Cundle,eng ENG,MF,22,0,0,,,,,,,,,,,,,,,,,,,,,,,,,,,,Matches,Wolverhampton-Wanderers
Tom Edozie,eng ENG,MF,18,0,0,,,,,,,,,,,,,,,,,,,,,,,,,,,,Matches,Wolverhampton-Wanderers
Bastien Meupiyou,fr FRA,DF,18,0,0,,,,,,,,,,,,,,,,,,,,,,,,,,,,Matches,Wolverhampton-Wanderers
Wesley Okoduwa,eng ENG,FW,16,0,0,,,,,,,,,,,,,,,,,,,,,,,,,,,,Matches,Wolverhampton-Wanderers
Squad Total,,,26.9,38,418,3420,38,53,42,95,53,0,0,79,2,43.7,43.7,35.4,79.1,607,1185,1179,1.39,1.11,2.5,1.39,2.5,1.15,0.93,2.08,1.15,2.08,,Wolverhampton-Wanderers
Opponent Total,,,26.2,38,418,3420,38,66,47,113,59,7,9,85,3,58.1,51,41.5,92.5,767,1534,1522,1.74,1.24,2.97,1.55,2.79,1.53,1.09,2.62,1.34,2.44,,Wolverhampton-Wanderers
Pedro Porro,es ESP,DF,24,33,28,2610,29,2,6,8,2,0,0,5,0,1.6,1.6,5,6.6,65,154,109,0.07,0.21,0.28,0.07,0.28,0.06,0.17,0.23,0.06,0.23,Matches,Tottenham-Hotspur
Dejan Kulusevski,se SWE,"MF,FW",24,32,27,2389,26.5,7,4,11,7,0,0,3,0,4.2,4.2,6.2,10.4,120,124,210,0.26,0.15,0.41,0.26,0.41,0.16,0.23,0.39,0.16,0.39,Matches,Tottenham-Hotspur
Dominic Solanke,eng ENG,FW,26,27,25,2201,24.5,9,3,12,8,1,1,0,0,10.9,10.1,2.9,13.1,31,47,88,0.37,0.12,0.49,0.33,0.45,0.45,0.12,0.57,0.41,0.54,Matches,Tottenham-Hotspur
Brennan Johnson,wls WAL,FW,23,33,24,2177,24.2,11,3,14,11,0,0,5,0,10.4,10.4,2.3,12.7,60,71,197,0.45,0.12,0.58,0.45,0.58,0.43,0.09,0.52,0.43,0.52,Matches,Tottenham-Hotspur
Guglielmo Vicario,it ITA,GK,27,24,24,2160,24,0,0,0,0,0,0,1,0,0,0,0,0,0,1,0,0,0,0,0,0,0,0,0,0,0,Matches,Tottenham-Hotspur
Son Heung-min,kr KOR,FW,32,30,24,2110,23.4,7,9,16,6,1,2,1,0,7.2,5.6,8.2,13.8,96,111,265,0.3,0.38,0.68,0.26,0.64,0.31,0.35,0.66,0.24,0.59,Matches,Tottenham-Hotspur
Destiny Udogie,it ITA,DF,21,25,24,1924,21.4,0,1,1,0,0,0,2,0,0.3,0.3,1.5,1.8,54,121,94,0,0.05,0.05,0,0.05,0.01,0.07,0.08,0.01,0.08,Matches,Tottenham-Hotspur
Pape Matar Sarr,sn SEN,MF,21,36,22,1913,21.3,3,2,5,3,0,0,6,0,3.7,3.7,1.6,5.3,33,88,53,0.14,0.09,0.24,0.14,0.24,0.17,0.08,0.25,0.17,0.25,Matches,Tottenham-Hotspur
James Maddison,eng ENG,MF,27,31,21,1809,20.1,9,7,16,9,0,0,6,0,5.8,5.8,4.2,10,45,164,95,0.45,0.35,0.8,0.45,0.8,0.29,0.21,0.5,0.29,0.5,Matches,Tottenham-Hotspur
Rodrigo Bentancur,uy URU,MF,27,26,21,1645,18.3,2,0,2,2,0,0,9,0,1.3,1.3,0.4,1.7,28,100,34,0.11,0,0.11,0.11,0.11,0.07,0.02,0.1,0.07,0.1,Matches,Tottenham-Hotspur
Djed Spence,eng ENG,DF,23,25,19,1792,19.9,1,2,3,1,0,0,4,1,0.6,0.6,1.8,2.3,59,105,70,0.05,0.1,0.15,0.05,0.15,0.03,0.09,0.12,0.03,0.12,Matches,Tottenham-Hotspur
Archie Gray,eng ENG,"DF,MF",18,28,19,1751,19.5,0,0,0,0,0,0,1,0,0,0,0.1,0.2,8,40,17,0,0,0,0,0,0,0.01,0.01,0,0.01,Matches,Tottenham-Hotspur
Cristian Romero,ar ARG,DF,26,18,18,1416,15.7,1,0,1,1,0,0,3,0,1.6,1.6,0.6,2.2,12,71,3,0.06,0,0.06,0.06,0.06,0.1,0.04,0.14,0.1,0.14,Matches,Tottenham-Hotspur
Yves Bissouma,ml MLI,MF,27,28,16,1408,15.6,2,0,2,2,0,0,7,0,0.6,0.6,0.3,0.9,15,75,3,0.13,0,0.13,0.13,0.13,0.04,0.02,0.06,0.04,0.06,Matches,Tottenham-Hotspur
Ben Davies,wls WAL,DF,31,17,14,1331,14.8,0,0,0,0,0,0,5,0,0.3,0.3,0.2,0.5,14,52,6,0,0,0,0,0,0.02,0.01,0.03,0.02,0.03,Matches,Tottenham-Hotspur
Radu Drăgușin,ro ROU,DF,22,16,14,1252,13.9,0,0,0,0,0,0,1,0,0.1,0.1,0.4,0.5,7,37,2,0,0,0,0,0,0.01,0.03,0.04,0.01,0.04,Matches,Tottenham-Hotspur
Micky van de Ven,nl NED,DF,23,13,12,1015,11.3,0,2,2,0,0,0,4,0,0.6,0.6,1.2,1.7,8,51,1,0,0.18,0.18,0,0.18,0.05,0.1,0.15,0.05,0.15,Matches,Tottenham-Hotspur
Lucas Bergvall,se SWE,MF,18,27,11,1212,13.5,0,1,1,0,0,0,3,0,0.7,0.7,0.6,1.3,33,49,31,0,0.07,0.07,0,0.07,0.05,0.04,0.09,0.05,0.09,Matches,Tottenham-Hotspur
Mathys Tel,fr FRA,FW,19,13,11,911,10.1,2,1,3,1,1,1,2,0,3,2.2,2.5,4.7,28,21,72,0.2,0.1,0.3,0.1,0.2,0.29,0.25,0.54,0.22,0.46,Matches,Tottenham-Hotspur
Wilson Odobert,fr FRA,"FW,MF",19,16,9,850,9.4,1,0,1,1,0,0,0,0,1.6,1.6,1,2.6,45,27,66,0.11,0,0.11,0.11,0.11,0.17,0.1,0.28,0.17,0.28,Matches,Tottenham-Hotspur
Kevin Danso,at AUT,DF,25,10,9,842,9.4,0,0,0,0,0,0,0,0,0.4,0.4,0.1,0.5,11,19,1,0,0,0,0,0,0.04,0.01,0.05,0.04,0.05,Matches,Tottenham-Hotspur
Fraser Forster,eng ENG,GK,36,7,7,630,7,0,0,0,0,0,0,0,0,0,0,0,0,0,0,0,0,0,0,0,0,0,0,0,0,0,Matches,Tottenham-Hotspur
Antonín Kinský,cz CZE,GK,21,6,6,540,6,0,0,0,0,0,0,0,0,0,0,0.1,0.1,1,1,0,0,0,0,0,0,0,0.01,0.01,0,0.01,Matches,Tottenham-Hotspur
Timo Werner,de GER,"FW,MF",28,18,4,516,5.7,0,3,3,0,0,0,0,0,1,1,2.5,3.5,42,30,89,0,0.52,0.52,0,0.52,0.17,0.44,0.61,0.17,0.61,Matches,Tottenham-Hotspur
Richarlison,br BRA,FW,27,15,4,504,5.6,4,1,5,4,0,0,2,0,3.7,3.7,0.9,4.6,8,11,22,0.71,0.18,0.89,0.71,0.89,0.66,0.16,0.82,0.66,0.82,Matches,Tottenham-Hotspur
Mikey Moore,eng ENG,FW,16,10,3,366,4.1,0,1,1,0,0,0,0,0,0.2,0.2,0.3,0.5,12,9,40,0,0.25,0.25,0,0.25,0.05,0.08,0.13,0.05,0.13,Matches,Tottenham-Hotspur
Sergio Reguilón,es ESP,DF,27,4,1,196,2.2,0,0,0,0,0,0,2,0,0.1,0.1,0,0.1,5,13,12,0,0,0,0,0,0.05,0.01,0.07,0.05,0.07,Matches,Tottenham-Hotspur
Brandon Austin,eng ENG,GK,25,1,1,90,1,0,0,0,0,0,0,0,0,0,0,0,0,0,0,0,0,0,0,0,0,0,0,0,0,0,Matches,Tottenham-Hotspur
Dane Scarlett,eng ENG,"FW,MF",20,3,0,34,0.4,0,1,1,0,0,0,0,0,0,0,0,0.1,1,1,1,0,2.65,2.65,0,2.65,0.09,0.12,0.22,0.09,0.22,Matches,Tottenham-Hotspur
Alfie Dorrington,eng ENG,DF,19,1,0,14,0.2,0,0,0,0,0,0,0,0,0,0,0,0,0,0,0,0,0,0,0,0,0,0,0,0,0,Matches,Tottenham-Hotspur
Will Lankshear,eng ENG,"FW,MF",19,3,0,11,0.1,0,0,0,0,0,0,0,0,0,0,0,0,0,0,1,0,0,0,0,0,0,0,0,0,0,Matches,Tottenham-Hotspur
Oyindamola Ajayi,eng ENG,FW,18,0,0,,,,,,,,,,,,,,,,,,,,,,,,,,,,Matches,Tottenham-Hotspur
Dante Cassanova,jm JAM,DF,20,0,0,,,,,,,,,,,,,,,,,,,,,,,,,,,,Matches,Tottenham-Hotspur
Alfie Devine,eng ENG,MF,19,0,0,,,,,,,,,,,,,,,,,,,,,,,,,,,,Matches,Tottenham-Hotspur
Malachi Hardy,eng ENG,DF,16,0,0,,,,,,,,,,,,,,,,,,,,,,,,,,,,Matches,Tottenham-Hotspur
Maeson King,eng ENG,DF,18,0,0,,,,,,,,,,,,,,,,,,,,,,,,,,,,Matches,Tottenham-Hotspur
Yang Minhyeok,kr KOR,MF,18,0,0,,,,,,,,,,,,,,,,,,,,,,,,,,,,Matches,Tottenham-Hotspur
Callum Olusesi,eng ENG,MF,17,0,0,,,,,,,,,,,,,,,,,,,,,,,,,,,,Matches,Tottenham-Hotspur
Alfie Whiteman,eng ENG,GK,25,0,0,,,,,,,,,,,,,,,,,,,,,,,,,,,,Matches,Tottenham-Hotspur
Luca Williams Barnett,eng ENG,FW,15,0,0,,,,,,,,,,,,,,,,,,,,,,,,,,,,Matches,Tottenham-Hotspur
Squad Total,,,25,38,418,3420,38,61,47,108,58,3,4,72,1,58.8,55.6,44.4,100,841,1593,1582,1.61,1.24,2.84,1.53,2.76,1.55,1.17,2.71,1.46,2.63,,Tottenham-Hotspur
Opponent Total,,,26.2,38,418,3420,38,61,43,104,58,3,3,85,3,63.3,61,46.3,107.2,658,1331,1317,1.61,1.13,2.74,1.53,2.66,1.67,1.22,2.88,1.6,2.82,,Tottenham-Hotspur
Jamie Vardy,eng ENG,FW,37,35,35,2823,31.4,9,4,13,8,1,2,5,0,11.2,9.6,3,12.6,29,22,120,0.29,0.13,0.41,0.26,0.38,0.36,0.1,0.45,0.31,0.4,Matches,Leicester-City
James Justin,eng ENG,DF,26,36,34,2912,32.4,2,2,4,2,0,0,6,0,1.5,1.5,0.8,2.3,39,91,96,0.06,0.06,0.12,0.06,0.12,0.05,0.03,0.07,0.05,0.07,Matches,Leicester-City
Wout Faes,be BEL,DF,26,34,30,2815,31.3,1,0,1,1,0,0,4,0,1.5,1.5,0.1,1.6,12,86,1,0.03,0,0.03,0.03,0.03,0.05,0,0.05,0.05,0.05,Matches,Leicester-City
Victor Bernth Kristiansen,dk DEN,DF,21,30,29,2482,27.6,0,1,1,0,0,0,1,0,0.3,0.3,1.4,1.7,40,70,78,0,0.04,0.04,0,0.04,0.01,0.05,0.06,0.01,0.06,Matches,Leicester-City
Wilfred Ndidi,ng NGA,MF,27,28,28,2324,25.8,0,5,5,0,0,0,8,0,2,2,1.9,3.9,18,70,75,0,0.19,0.19,0,0.19,0.08,0.07,0.15,0.08,0.15,Matches,Leicester-City
Mads Hermansen,dk DEN,GK,24,27,27,2385,26.5,0,0,0,0,0,0,1,0,0,0,0,0,0,1,0,0,0,0,0,0,0,0,0,0,0,Matches,Leicester-City
Bilal El Khannouss,ma MAR,"MF,FW",20,32,27,2182,24.2,2,3,5,2,0,0,4,0,1.3,1.3,4.6,5.8,73,128,89,0.08,0.12,0.21,0.08,0.21,0.05,0.19,0.24,0.05,0.24,Matches,Leicester-City
Boubakary Soumaré,fr FRA,MF,25,31,25,2171,24.1,0,0,0,0,0,0,8,0,0.3,0.3,0.4,0.7,34,105,23,0,0,0,0,0,0.01,0.02,0.03,0.01,0.03,Matches,Leicester-City
Conor Coady,eng ENG,DF,31,22,19,1714,19,1,0,1,1,0,0,3,0,0.4,0.4,0.1,0.5,3,32,0,0.05,0,0.05,0.05,0.05,0.02,0,0.03,0.02,0.03,Matches,Leicester-City
Jordan Ayew,gh GHA,"FW,MF",32,30,19,1638,18.2,5,0,5,4,1,1,5,0,3.2,2.4,1.1,3.5,49,46,86,0.27,0,0.27,0.22,0.22,0.17,0.06,0.24,0.13,0.19,Matches,Leicester-City
Harry Winks,eng ENG,MF,28,22,17,1538,17.1,0,2,2,0,0,0,4,0,0.2,0.2,1.2,1.5,19,101,11,0,0.12,0.12,0,0.12,0.01,0.07,0.09,0.01,0.09,Matches,Leicester-City
Stephy Mavididi,eng ENG,FW,26,30,16,1615,17.9,4,1,5,4,0,0,2,0,1.8,1.8,2.6,4.4,91,57,138,0.22,0.06,0.28,0.22,0.28,0.1,0.15,0.25,0.1,0.25,Matches,Leicester-City
Jannik Vestergaard,dk DEN,DF,31,18,16,1391,15.5,0,0,0,0,0,0,5,0,0.1,0.1,0.1,0.2,3,32,2,0,0,0,0,0,0.01,0.01,0.01,0.01,0.01,Matches,Leicester-City
Facundo Buonanotte,ar ARG,"FW,MF",19,31,14,1523,16.9,5,2,7,5,0,0,8,0,3.9,3.9,3.1,7,39,54,74,0.3,0.12,0.41,0.3,0.41,0.23,0.18,0.41,0.23,0.41,Matches,Leicester-City
Luke Thomas,eng ENG,DF,23,14,13,1110,12.3,0,0,0,0,0,0,3,0,0.4,0.4,0.5,0.9,5,37,16,0,0,0,0,0,0.03,0.04,0.07,0.03,0.07,Matches,Leicester-City
Caleb Okoli,it ITA,DF,23,19,12,1125,12.5,1,0,1,1,0,0,4,0,0.6,0.6,0,0.6,3,32,2,0.08,0,0.08,0.08,0.08,0.05,0,0.05,0.05,0.05,Matches,Leicester-City
Oliver Skipp,eng ENG,MF,23,24,10,1129,12.5,0,0,0,0,0,0,8,0,0.4,0.4,0.3,0.6,16,35,19,0,0,0,0,0,0.03,0.02,0.05,0.03,0.05,Matches,Leicester-City
Jakub Stolarczyk,pl POL,GK,23,10,10,900,10,0,0,0,0,0,0,1,0,0,0,0,0,0,1,0,0,0,0,0,0,0,0,0,0,0,Matches,Leicester-City
Kasey McAteer,ie IRL,FW,22,18,9,852,9.5,1,1,2,1,0,0,3,0,1,1,0.7,1.7,19,14,71,0.11,0.11,0.21,0.11,0.21,0.11,0.08,0.18,0.11,0.18,Matches,Leicester-City
Bobby De Cordova-Reid,jm JAM,FW,31,23,9,744,8.3,1,2,3,1,0,0,2,0,0.8,0.8,1.2,2,14,15,48,0.12,0.24,0.36,0.12,0.36,0.1,0.15,0.24,0.1,0.24,Matches,Leicester-City
Patson Daka,zm ZAM,"FW,MF",25,23,6,736,8.2,1,0,1,1,0,0,0,0,1.3,1.3,0.1,1.3,11,8,36,0.12,0,0.12,0.12,0.12,0.15,0.01,0.16,0.15,0.16,Matches,Leicester-City
Abdul Fatawu Issahaku,gh GHA,FW,20,11,6,579,6.4,0,2,2,0,0,0,0,0,0.4,0.4,1.6,2,42,17,60,0,0.31,0.31,0,0.31,0.06,0.24,0.31,0.06,0.31,Matches,Leicester-City
Ricardo Pereira,pt POR,DF,30,10,4,388,4.3,0,0,0,0,0,0,1,0,0.1,0.1,0,0.1,3,18,5,0,0,0,0,0,0.02,0,0.02,0.02,0.02,Matches,Leicester-City
Danny Ward,wls WAL,GK,31,2,1,135,1.5,0,0,0,0,0,0,0,0,0,0,0,0,0,0,0,0,0,0,0,0,0,0,0,0,0,Matches,Leicester-City
Hamza Choudhury,bd BAN,"MF,DF",26,4,1,131,1.5,0,0,0,0,0,0,0,0,0,0,0.4,0.4,4,3,6,0,0,0,0,0,0,0.27,0.27,0,0.27,Matches,Leicester-City
Woyo Coulibaly,ml MLI,DF,25,4,1,109,1.2,0,0,0,0,0,0,1,0,0,0,0,0,4,3,2,0,0,0,0,0,0.04,0,0.04,0.04,0.04,Matches,Leicester-City
Jeremy Monga,,"FW,MF",,7,0,112,1.2,0,0,0,0,0,0,0,0,0.2,0.2,0,0.2,6,3,10,0,0,0,0,0,0.13,0.01,0.14,0.13,0.14,Matches,Leicester-City
Odsonne Édouard,fr FRA,FW,26,4,0,29,0.3,0,0,0,0,0,0,0,0,0,0,0,0,0,1,2,0,0,0,0,0,0,0.13,0.13,0,0.13,Matches,Leicester-City
Jake Evans,,FW,,4,0,24,0.3,0,0,0,0,0,0,0,0,0,0,0,0,0,0,1,0,0,0,0,0,0,0,0,0,0,Matches,Leicester-City
Olabade Aluko,,DF,,1,0,2,0,0,0,0,0,0,0,0,0,0,0,0,0,0,0,0,0,0,0,0,0,0,0,0,0,0,Matches,Leicester-City
Will Alves,eng ENG,FW,19,1,0,1,0,0,0,0,0,0,0,0,0,0,0,0,0,0,0,1,0,0,0,0,0,0,0,0,0,0,Matches,Leicester-City
Michael Golding,eng ENG,MF,18,1,0,1,0,0,0,0,0,0,0,0,0,0,0,0,0,0,0,0,0,0,0,0,0,0,0,0,0,0,Matches,Leicester-City
Sammy Braybrooke,eng ENG,MF,20,0,0,,,,,,,,,,,,,,,,,,,,,,,,,,,,Matches,Leicester-City
Thomas Cannon,ie IRL,FW,21,0,0,,,,,,,,,,,,,,,,,,,,,,,,,,,,Matches,Leicester-City
Henry Cartwright,eng ENG,MF,19,0,0,,,,,,,,,,,,,,,,,,,,,,,,,,,,Matches,Leicester-City
Daniel Iversen,dk DEN,GK,27,0,0,,,,,,,,,,,,,,,,,,,,,,,,,,,,Matches,Leicester-City
Benjamin Nelson,eng ENG,DF,20,0,0,,,,,,,,,,,,,,,,,,,,,,,,,,,,Matches,Leicester-City
Thomas Wilson-Brown,eng ENG,MF,19,0,0,,,,,,,,,,,,,,,,,,,,,,,,,,,,Matches,Leicester-City
Squad Total,,,26.6,38,418,3420,38,33,25,58,31,2,3,87,0,32.6,30.4,25.1,55.5,576,1082,1072,0.87,0.66,1.53,0.82,1.47,0.86,0.66,1.52,0.8,1.46,,Leicester-City
Opponent Total,,,26.3,38,418,3420,38,77,57,134,74,3,4,58,2,71.9,68.8,52.2,121,735,1755,1736,2.03,1.5,3.53,1.95,3.45,1.89,1.37,3.27,1.81,3.19,,Leicester-City
Dara O'Shea,ie IRL,DF,25,35,35,3122,34.7,0,2,2,0,0,0,6,0,1.3,1.3,0.5,1.8,3,80,8,0,0.06,0.06,0,0.06,0.04,0.01,0.05,0.04,0.05,Matches,Ipswich-Town
Leif Davis,eng ENG,DF,24,33,32,2743,30.5,1,2,3,1,0,0,5,1,1,1,4.9,5.8,52,59,137,0.03,0.07,0.1,0.03,0.1,0.03,0.16,0.19,0.03,0.19,Matches,Ipswich-Town
Liam Delap,eng ENG,FW,21,37,32,2593,28.8,12,2,14,10,2,2,12,0,9.3,7.8,1.9,9.7,61,30,110,0.42,0.07,0.49,0.35,0.42,0.32,0.07,0.39,0.27,0.34,Matches,Ipswich-Town
Sam Morsy,eg EGY,MF,32,33,31,2751,30.6,1,1,2,1,0,0,10,0,0.4,0.4,1.2,1.6,22,120,13,0.03,0.03,0.07,0.03,0.07,0.01,0.04,0.05,0.01,0.05,Matches,Ipswich-Town
Omari Hutchinson,eng ENG,"MF,FW",20,31,30,2583,28.7,3,2,5,3,0,0,5,0,2.9,2.9,3.5,6.4,97,75,159,0.1,0.07,0.17,0.1,0.17,0.1,0.12,0.22,0.1,0.22,Matches,Ipswich-Town
Jacob Greaves,eng ENG,DF,23,25,25,2205,24.5,1,0,1,1,0,0,5,0,1.3,1.3,0.3,1.6,11,69,11,0.04,0,0.04,0.04,0.04,0.05,0.01,0.06,0.05,0.06,Matches,Ipswich-Town
Jens Cajuste,se SWE,MF,24,30,25,1959,21.8,1,1,2,1,0,0,2,0,0.7,0.7,0.8,1.5,26,59,20,0.05,0.05,0.09,0.05,0.09,0.03,0.04,0.07,0.03,0.07,Matches,Ipswich-Town
Axel Tuanzebe,cd COD,DF,26,22,20,1710,19,0,1,1,0,0,0,5,1,0.2,0.2,0.3,0.5,10,61,15,0,0.05,0.05,0,0.05,0.01,0.02,0.03,0.01,0.03,Matches,Ipswich-Town
Arijanet Muric,xk KVX,GK,25,18,18,1620,18,0,0,0,0,0,0,1,0,0,0,0,0,0,1,0,0,0,0,0,0,0,0,0,0,0,Matches,Ipswich-Town
Cameron Burgess,au AUS,DF,28,18,16,1541,17.1,0,2,2,0,0,0,0,0,1.1,1.1,0.5,1.6,2,42,4,0,0.12,0.12,0,0.12,0.06,0.03,0.09,0.06,0.09,Matches,Ipswich-Town
Ben Johnson,eng ENG,"DF,FW",24,23,14,1354,15,1,2,3,1,0,0,5,1,1.1,1.1,1.3,2.3,16,27,33,0.07,0.13,0.2,0.07,0.2,0.07,0.09,0.16,0.07,0.16,Matches,Ipswich-Town
Kalvin Phillips,eng ENG,MF,28,19,14,1237,13.7,0,0,0,0,0,0,6,1,0.4,0.4,0.2,0.7,4,51,4,0,0,0,0,0,0.03,0.02,0.05,0.03,0.05,Matches,Ipswich-Town
Alex Palmer,eng ENG,GK,27,13,13,1170,13,0,0,0,0,0,0,2,0,0,0,0,0,0,1,0,0,0,0,0,0,0,0,0,0,0,Matches,Ipswich-Town
Sammie Szmodics,ie IRL,"FW,MF",28,20,13,992,11,4,0,4,4,0,0,2,0,3.4,3.4,0.2,3.6,16,19,47,0.36,0,0.36,0.36,0.36,0.31,0.02,0.33,0.31,0.33,Matches,Ipswich-Town
Luke Woolfenden,eng ENG,DF,25,15,12,1187,13.2,0,0,0,0,0,0,2,0,0,0,0,0,7,15,0,0,0,0,0,0,0,0,0,0,0,Matches,Ipswich-Town
Jack Clarke,eng ENG,"FW,MF",23,32,12,1181,13.1,0,4,4,0,0,0,2,0,1.2,1.2,2.3,3.5,39,44,57,0,0.3,0.3,0,0.3,0.09,0.17,0.26,0.09,0.26,Matches,Ipswich-Town
Wes Burns,wls WAL,"FW,DF",29,18,12,926,10.3,0,1,1,0,0,0,1,0,0.5,0.5,1.6,2.2,38,8,65,0,0.1,0.1,0,0.1,0.05,0.16,0.21,0.05,0.21,Matches,Ipswich-Town
Julio Enciso,py PAR,"MF,FW",20,13,12,869,9.7,2,3,5,2,0,0,3,0,1.7,1.7,1.4,3.1,23,28,44,0.21,0.31,0.52,0.21,0.52,0.18,0.14,0.32,0.18,0.32,Matches,Ipswich-Town
Conor Chaplin,eng ENG,"MF,FW",27,22,10,857,9.5,1,1,2,1,0,0,2,0,1.5,1.5,0.7,2.2,13,29,23,0.11,0.11,0.21,0.11,0.21,0.16,0.07,0.23,0.16,0.23,Matches,Ipswich-Town
Nathan Broadhead,wls WAL,"MF,FW",26,18,7,702,7.8,2,0,2,2,0,0,1,0,1.7,1.7,0.7,2.4,20,14,33,0.26,0,0.26,0.26,0.26,0.22,0.09,0.31,0.22,0.31,Matches,Ipswich-Town
Christian Walton,eng ENG,GK,28,7,7,630,7,0,0,0,0,0,0,0,0,0,0,0,0,0,0,0,0,0,0,0,0,0,0,0,0,0,Matches,Ipswich-Town
George Hirst,sct SCO,FW,25,26,5,661,7.3,3,1,4,3,0,0,3,0,2.1,2.1,0.3,2.5,9,13,31,0.41,0.14,0.54,0.41,0.54,0.29,0.05,0.34,0.29,0.34,Matches,Ipswich-Town
Jaden Philogene Bidace,eng ENG,"FW,DF",22,10,5,474,5.3,2,0,2,2,0,0,1,0,2,2,0.2,2.2,13,10,36,0.38,0,0.38,0.38,0.38,0.37,0.05,0.42,0.37,0.42,Matches,Ipswich-Town
Jack Taylor,ie IRL,MF,26,32,4,860,9.6,1,0,1,1,0,0,4,0,0.7,0.7,0.5,1.3,11,43,23,0.1,0,0.1,0.1,0.1,0.08,0.06,0.13,0.08,0.13,Matches,Ipswich-Town
Harry Clarke,eng ENG,DF,23,7,4,379,4.2,0,0,0,0,0,0,3,1,0.1,0.1,0,0.1,5,14,2,0,0,0,0,0,0.02,0.01,0.03,0.02,0.03,Matches,Ipswich-Town
Conor Townsend,eng ENG,DF,31,6,3,335,3.7,0,1,1,0,0,0,1,0,0,0,0.7,0.7,2,8,13,0,0.27,0.27,0,0.27,0.01,0.18,0.18,0.01,0.18,Matches,Ipswich-Town
Chiedozie Ogbene,ie IRL,FW,27,5,3,238,2.6,0,0,0,0,0,0,0,0,0,0,0.1,0.1,7,0,15,0,0,0,0,0,0,0.03,0.03,0,0.03,Matches,Ipswich-Town
Massimo Luongo,au AUS,MF,31,11,2,201,2.2,0,0,0,0,0,0,0,0,0,0,0,0,0,6,1,0,0,0,0,0,0,0,0,0,0,Matches,Ipswich-Town
Ben Godfrey,eng ENG,DF,26,3,2,159,1.8,0,0,0,0,0,0,1,0,0,0,0,0,2,4,1,0,0,0,0,0,0,0,0,0,0,Matches,Ipswich-Town
Ali Al Hamadi,iq IRQ,FW,22,11,0,134,1.5,0,0,0,0,0,0,3,0,0.4,0.4,0.1,0.4,4,3,14,0,0,0,0,0,0.24,0.05,0.28,0.24,0.28,Matches,Ipswich-Town
Marcus Harness,eng ENG,MF,28,2,0,45,0.5,0,0,0,0,0,0,0,0,0,0,0,0,0,2,1,0,0,0,0,0,0,0,0,0,0,Matches,Ipswich-Town
George Edmundson,eng ENG,DF,26,1,0,2,0,0,0,0,0,0,0,0,0,0,0,0,0,0,0,0,0,0,0,0,0,0,0,0,0,0,Matches,Ipswich-Town
Somto Boniface,eng ENG,DF,18,0,0,,,,,,,,,,,,,,,,,,,,,,,,,,,,Matches,Ipswich-Town
Cieran Slicker,sct SCO,GK,21,0,0,,,,,,,,,,,,,,,,,,,,,,,,,,,,Matches,Ipswich-Town
Tom Taylor,,MF,,0,0,,,,,,,,,,,,,,,,,,,,,,,,,,,,Matches,Ipswich-Town
Squad Total,,,25.8,38,418,3420,38,35,26,61,33,2,2,93,5,34.4,32.8,24.2,57,513,935,920,0.92,0.68,1.61,0.87,1.55,0.9,0.64,1.54,0.86,1.5,,Ipswich-Town
Opponent Total,,,26.3,38,418,3420,38,80,55,135,74,6,6,65,2,72.7,68.3,53.5,121.8,812,1726,1703,2.11,1.45,3.55,1.95,3.39,1.91,1.41,3.32,1.8,3.21,,Ipswich-Town
Mateus Fernandes,pt POR,MF,20,36,34,2909,32.3,2,4,6,2,0,0,8,0,4,4,3,7,76,145,108,0.06,0.12,0.19,0.06,0.19,0.12,0.09,0.22,0.12,0.22,Matches,Southampton
Kyle Walker-Peters,eng ENG,DF,27,33,33,2918,32.4,0,2,2,0,0,0,5,0,0.8,0.8,2.8,3.6,114,139,144,0,0.06,0.06,0,0.06,0.03,0.09,0.11,0.03,0.11,Matches,Southampton
Taylor Harwood-Bellis,eng ENG,DF,22,34,32,2825,31.4,1,0,1,1,0,0,9,0,1.8,1.8,1,2.8,29,125,9,0.03,0,0.03,0.03,0.03,0.06,0.03,0.09,0.06,0.09,Matches,Southampton
Aaron Ramsdale,eng ENG,GK,26,30,30,2700,30,0,0,0,0,0,0,2,0,0,0,0,0,0,0,0,0,0,0,0,0,0,0,0,0,0,Matches,Southampton
Jan Bednarek,pl POL,DF,28,30,30,2531,28.1,2,0,2,2,0,0,7,0,0.7,0.7,0.5,1.2,5,60,2,0.07,0,0.07,0.07,0.07,0.02,0.02,0.04,0.02,0.04,Matches,Southampton
Flynn Downes,eng ENG,MF,25,27,25,2151,23.9,1,0,1,1,0,0,12,0,0.6,0.6,1.1,1.7,29,66,29,0.04,0,0.04,0.04,0.04,0.03,0.05,0.07,0.03,0.07,Matches,Southampton
Joe Aribo,ng NGA,"MF,DF",28,32,21,2013,22.4,3,0,3,3,0,0,1,0,2.7,2.7,1.6,4.3,36,75,65,0.13,0,0.13,0.13,0.13,0.12,0.07,0.19,0.12,0.19,Matches,Southampton
Tyler Dibling,eng ENG,"FW,MF",18,33,20,1874,20.8,2,0,2,2,0,0,6,0,2.5,2.5,1.5,4.1,69,64,96,0.1,0,0.1,0.1,0.1,0.12,0.07,0.2,0.12,0.2,Matches,Southampton
Lesley Ugochukwu,fr FRA,MF,20,26,18,1655,18.4,1,1,2,1,0,0,7,0,0.9,0.9,1,1.9,29,49,20,0.05,0.05,0.11,0.05,0.11,0.05,0.06,0.1,0.05,0.1,Matches,Southampton
Ryan Manning,ie IRL,"DF,MF",28,24,18,1462,16.2,0,1,1,0,0,0,2,0,0.3,0.3,3.2,3.6,14,35,74,0,0.06,0.06,0,0.06,0.02,0.2,0.22,0.02,0.22,Matches,Southampton
Kamaldeen Sulemana,gh GHA,"FW,MF",22,26,17,1402,15.6,1,1,2,1,0,0,2,0,1.5,1.5,1,2.5,63,27,87,0.06,0.06,0.13,0.06,0.13,0.1,0.06,0.16,0.1,0.16,Matches,Southampton
Jack Stephens,eng ENG,DF,30,19,17,1389,15.4,1,0,1,1,0,0,2,2,0.6,0.6,0.2,0.7,14,63,2,0.06,0,0.06,0.06,0.06,0.04,0.01,0.05,0.04,0.05,Matches,Southampton
Yukinari Sugawara,jp JPN,"DF,MF",24,30,16,1557,17.3,1,1,2,1,0,0,4,0,0.5,0.5,2.2,2.7,33,72,78,0.06,0.06,0.12,0.06,0.12,0.03,0.13,0.16,0.03,0.16,Matches,Southampton
Adam Armstrong,eng ENG,"FW,MF",27,20,15,1248,13.9,2,2,4,2,0,1,4,0,3.3,2.3,1.2,3.5,25,21,79,0.14,0.14,0.29,0.14,0.29,0.24,0.09,0.32,0.17,0.25,Matches,Southampton
Cameron Archer,eng ENG,FW,23,35,13,1441,16,2,0,2,2,0,1,0,0,5.7,4.9,0.5,5.4,22,14,66,0.12,0,0.12,0.12,0.12,0.36,0.03,0.39,0.31,0.34,Matches,Southampton
James Bree,eng ENG,DF,26,17,13,1075,11.9,0,1,1,0,0,0,0,0,0.1,0.1,0.9,1,13,34,43,0,0.08,0.08,0,0.08,0.01,0.08,0.08,0.01,0.08,Matches,Southampton
Paul Onuachu,ng NGA,FW,30,25,11,1050,11.7,4,1,5,4,0,0,4,0,3.6,3.6,0.5,4.1,7,13,40,0.34,0.09,0.43,0.34,0.43,0.31,0.04,0.35,0.31,0.35,Matches,Southampton
Nathan Wood-Gordon,eng ENG,DF,22,11,9,773,8.6,0,0,0,0,0,0,2,0,0.2,0.2,0,0.3,2,17,0,0,0,0,0,0,0.03,0,0.03,0.03,0.03,Matches,Southampton
William Smallbone,ie IRL,MF,24,18,6,690,7.7,1,0,1,1,0,0,1,0,0.6,0.6,0.7,1.3,5,27,25,0.13,0,0.13,0.13,0.13,0.07,0.1,0.17,0.07,0.17,Matches,Southampton
Welington,br BRA,DF,23,10,6,482,5.4,0,0,0,0,0,0,1,0,0,0,0.1,0.1,5,11,19,0,0,0,0,0,0.01,0.01,0.02,0.01,0.02,Matches,Southampton
Alex McCarthy,eng ENG,GK,34,5,5,450,5,0,0,0,0,0,0,0,0,0,0,0,0,0,0,0,0,0,0,0,0,0,0,0,0,0,Matches,Southampton
Adam Lallana,eng ENG,MF,36,14,5,361,4,0,2,2,0,0,0,4,0,0.2,0.2,0.9,1.1,6,24,10,0,0.5,0.5,0,0.5,0.04,0.23,0.27,0.04,0.27,Matches,Southampton
Ben Brereton,cl CHI,FW,25,10,4,449,5,0,0,0,0,0,0,1,0,0.9,0.9,0.1,1,12,9,42,0,0,0,0,0,0.18,0.02,0.2,0.18,0.2,Matches,Southampton
Ross Stewart,sct SCO,FW,28,12,4,389,4.3,1,0,1,1,0,0,1,0,1.1,1.1,0,1.1,3,2,10,0.23,0,0.23,0.23,0.23,0.25,0,0.25,0.25,0.25,Matches,Southampton
Ryan Fraser,sct SCO,"FW,DF",30,8,4,306,3.4,0,0,0,0,0,0,0,1,0,0,0.1,0.1,10,8,18,0,0,0,0,0,0.01,0.03,0.04,0.01,0.04,Matches,Southampton
Charlie Taylor,eng ENG,DF,30,8,3,356,4,0,0,0,0,0,0,1,0,0,0,0.1,0.1,3,9,7,0,0,0,0,0,0,0.02,0.02,0,0.02,Matches,Southampton
Joe Lumley,eng ENG,GK,29,3,3,270,3,0,0,0,0,0,0,0,0,0,0,0,0,0,0,0,0,0,0,0,0,0,0,0,0,0,Matches,Southampton
Armel Bella Kotchap,de GER,DF,22,4,2,331,3.7,0,0,0,0,0,0,0,0,0.3,0.3,0,0.3,0,5,0,0,0,0,0,0,0.09,0,0.09,0.09,0.09,Matches,Southampton
Albert Grønbaek,dk DEN,"FW,MF",23,4,2,143,1.6,0,0,0,0,0,0,0,0,0.1,0.1,0,0.1,1,1,3,0,0,0,0,0,0.07,0.01,0.08,0.07,0.08,Matches,Southampton
Jay Robinson,eng ENG,"MF,FW",17,4,1,137,1.5,0,0,0,0,0,0,0,0,0,0,0.7,0.7,3,1,10,0,0,0,0,0,0.03,0.44,0.47,0.03,0.47,Matches,Southampton
Maxwel Cornet,ci CIV,FW,27,2,1,72,0.8,0,0,0,0,0,0,1,0,0.2,0.2,0,0.2,1,0,5,0,0,0,0,0,0.2,0,0.2,0.2,0.2,Matches,Southampton
Samuel Edozie,eng ENG,"DF,FW",21,2,0,65,0.7,0,0,0,0,0,0,1,0,0,0,0.1,0.1,6,4,23,0,0,0,0,0,0,0.14,0.14,0,0.14,Matches,Southampton
Samuel Amo-Ameyaw,eng ENG,"FW,DF",18,2,0,28,0.3,0,0,0,0,0,0,1,0,0,0,0.1,0.1,1,0,3,0,0,0,0,0,0.07,0.22,0.29,0.07,0.29,Matches,Southampton
Joachim Kayi Sanda,fr FRA,DF,17,2,0,14,0.2,0,0,0,0,0,0,0,0,0,0,0,0,0,1,0,0,0,0,0,0,0,0,0,0,0,Matches,Southampton
Ronnie Edwards,eng ENG,DF,21,1,0,12,0.1,0,0,0,0,0,0,0,0,0,0,0,0,0,0,0,0,0,0,0,0,0,0,0,0,0,Matches,Southampton
Carlos Alcaraz,ar ARG,MF,21,1,0,10,0.1,0,0,0,0,0,0,0,0,0.1,0.1,0.1,0.2,4,6,1,0,0,0,0,0,0.62,0.86,1.48,0.62,1.48,Matches,Southampton
Jayden Moore,,DF,,0,0,,,,,,,,,,,,,,,,,,,,,,,,,,,,Matches,Southampton
Joe O'Brien-Whitmarsh,ie IRL,MF,,0,0,,,,,,,,,,,,,,,,,,,,,,,,,,,,Matches,Southampton
Squad Total,,,25.2,38,418,3420,38,25,16,41,25,0,2,89,3,32.7,30.9,24.8,55.8,640,1127,1118,0.66,0.42,1.08,0.66,1.08,0.86,0.65,1.51,0.81,1.47,,Southampton
Opponent Total,,,26.2,38,418,3420,38,86,61,147,79,7,9,54,1,84.8,77.9,63,140.9,814,1647,1635,2.26,1.61,3.87,2.08,3.68,2.23,1.66,3.89,2.05,3.71,,Southampton